name,unit_price,category
Product 1,500.69,Home
Product 2,274.73,Electronics
Product 3,992.27,Garden
Product 4,178.10,Garden
Product 5,92.70,Electronics
Product 6,314.22,Beauty
Product 7,404.72,Home
Product 8,623.75,Home
Product 9,300.34,Clothing
Product 10,607.51,Beauty
Product 11,236.29,Food
Product 12,713.56,Home
Product 13,656.24,Sports
Product 14,980.47,Home
Product 15,162.42,Sports
Product 16,186.12,Clothing
Product 17,663.70,Home
Product 18,533.17,Home
Product 19,787.06,Garden
Product 20,428.17,Sports
Product 21,325.12,Food
Product 22,736.69,Electronics
Product 23,480.11,Books
Product 24,476.24,Home
Product 25,326.21,Tools
Product 26,172.87,Electronics
Product 27,23.33,Home
Product 28,363.34,Home
Product 29,561.67,Sports
Product 30,503.60,Books
Product 31,172.82,Home
Product 32,956.71,Tools
Product 33,378.56,Tools
Product 34,919.88,Clothing
Product 35,152.43,Beauty
Product 36,378.29,Toys
Product 37,337.83,Books
Product 38,38.43,Sports
Product 39,370.01,Beauty
Product 40,246.24,Toys
Product 41,543.44,Food
Product 42,825.38,Beauty
Product 43,27.67,Home
Product 44,741.46,Beauty
Product 45,246.45,Electronics
Product 46,357.35,Garden
Product 47,64.93,Home
Product 48,523.60,Electronics
Product 49,364.28,Sports
Product 50,136.66,Beauty
Product 51,951.62,Garden
Product 52,518.17,Tools
Product 53,545.66,Home
Product 54,751.45,Beauty
Product 55,582.66,Beauty
Product 56,393.65,Beauty
Product 57,669.12,Clothing
Product 58,826.40,Beauty
Product 59,106.99,Sports
Product 60,354.63,Toys
Product 61,97.50,Garden
Product 62,102.00,Home
Product 63,421.27,Garden
Product 64,425.46,Home
Product 65,316.64,Beauty
Product 66,870.09,Electronics
Product 67,960.05,Sports
Product 68,507.49,Home
Product 69,524.95,Tools
Product 70,808.97,Electronics
Product 71,520.62,Toys
Product 72,202.46,Home
Product 73,253.16,Clothing
Product 74,711.48,Tools
Product 75,277.75,Garden
Product 76,564.11,Tools
Product 77,638.92,Tools
Product 78,723.26,Toys
Product 79,264.36,Sports
Product 80,500.38,Beauty
Product 81,654.29,Electronics
Product 82,491.90,Food
Product 83,405.32,Sports
Product 84,115.64,Tools
Product 85,174.95,Toys
Product 86,635.75,Food
Product 87,621.34,Books
Product 88,365.46,Clothing
Product 89,329.06,Tools
Product 90,144.16,Food
Product 91,200.87,Clothing
Product 92,82.20,Food
Product 93,238.42,Toys
Product 94,860.99,Clothing
Product 95,956.04,Sports
Product 96,948.16,Clothing
Product 97,341.64,Garden
Product 98,926.76,Beauty
Product 99,660.26,Tools
Product 100,604.87,Tools
Product 101,160.74,Garden
Product 102,364.20,Home
Product 103,692.04,Electronics
Product 104,384.85,Food
Product 105,992.07,Clothing
Product 106,689.77,Toys
Product 107,789.66,Toys
Product 108,428.94,Beauty
Product 109,201.20,Toys
Product 110,564.56,Toys
Product 111,787.01,Electronics
Product 112,45.26,Electronics
Product 113,195.14,Tools
Product 114,639.10,Electronics
Product 115,591.36,Electronics
Product 116,996.42,Food
Product 117,243.84,Electronics
Product 118,801.93,Toys
Product 119,786.15,Beauty
Product 120,619.41,Clothing
Product 121,677.02,Tools
Product 122,239.29,Food
Product 123,108.35,Electronics
Product 124,760.44,Tools
Product 125,604.05,Garden
Product 126,101.94,Sports
Product 127,490.20,Beauty
Product 128,880.11,Sports
Product 129,333.71,Sports
Product 130,329.07,Garden
Product 131,705.01,Toys
Product 132,203.01,Home
Product 133,966.31,Tools
Product 134,58.99,Clothing
Product 135,930.49,Books
Product 136,43.28,Food
Product 137,623.33,Home
Product 138,18.47,Sports
Product 139,333.10,Tools
Product 140,741.36,Books
Product 141,778.59,Tools
Product 142,560.56,Tools
Product 143,253.05,Electronics
Product 144,516.89,Beauty
Product 145,521.64,Tools
Product 146,65.30,Sports
Product 147,868.98,Garden
Product 148,765.35,Food
Product 149,438.95,Food
Product 150,324.55,Books
Product 151,371.03,Garden
Product 152,354.22,Home
Product 153,996.65,Toys
Product 154,357.20,Tools
Product 155,537.88,Food
Product 156,145.33,Clothing
Product 157,826.89,Garden
Product 158,797.82,Books
Product 159,653.25,Beauty
Product 160,44.50,Toys
Product 161,613.64,Clothing
Product 162,784.75,Clothing
Product 163,501.43,Electronics
Product 164,672.17,Home
Product 165,489.89,Toys
Product 166,904.69,Sports
Product 167,529.80,Sports
Product 168,265.84,Books
Product 169,374.80,Home
Product 170,580.44,Sports
Product 171,252.83,Sports
Product 172,54.90,Tools
Product 173,844.87,Toys
Product 174,359.18,Garden
Product 175,255.22,Tools
Product 176,646.64,Home
Product 177,902.10,Toys
Product 178,503.52,Electronics
Product 179,425.25,Food
Product 180,540.60,Food
Product 181,779.58,Beauty
Product 182,427.91,Toys
Product 183,823.59,Garden
Product 184,56.97,Food
Product 185,101.48,Beauty
Product 186,79.59,Books
Product 187,964.95,Beauty
Product 188,515.19,Clothing
Product 189,124.21,Electronics
Product 190,819.98,Books
Product 191,542.49,Garden
Product 192,563.29,Home
Product 193,529.66,Clothing
Product 194,33.68,Food
Product 195,351.09,Beauty
Product 196,859.11,Toys
Product 197,788.74,Toys
Product 198,612.25,Clothing
Product 199,919.16,Books
Product 200,792.24,Garden
Product 201,466.07,Clothing
Product 202,637.28,Garden
Product 203,943.81,Clothing
Product 204,843.75,Sports
Product 205,15.27,Beauty
Product 206,242.22,Beauty
Product 207,899.00,Home
Product 208,586.28,Books
Product 209,245.33,Books
Product 210,630.18,Food
Product 211,880.69,Sports
Product 212,304.21,Home
Product 213,488.35,Electronics
Product 214,730.60,Garden
Product 215,889.17,Home
Product 216,841.87,Home
Product 217,627.40,Sports
Product 218,372.58,Food
Product 219,972.17,Clothing
Product 220,283.26,Food
Product 221,713.05,Books
Product 222,178.21,Toys
Product 223,711.74,Food
Product 224,492.13,Clothing
Product 225,408.47,Beauty
Product 226,928.88,Electronics
Product 227,854.55,Garden
Product 228,384.74,Books
Product 229,896.22,Tools
Product 230,469.19,Food
Product 231,928.61,Electronics
Product 232,527.44,Books
Product 233,56.74,Clothing
Product 234,784.40,Sports
Product 235,236.74,Sports
Product 236,493.54,Sports
Product 237,879.28,Food
Product 238,530.36,Books
Product 239,569.38,Clothing
Product 240,674.54,Sports
Product 241,547.18,Books
Product 242,122.28,Books
Product 243,147.08,Garden
Product 244,249.06,Toys
Product 245,76.80,Home
Product 246,158.06,Beauty
Product 247,733.62,Clothing
Product 248,456.70,Food
Product 249,798.45,Clothing
Product 250,205.22,Toys
Product 251,579.51,Toys
Product 252,797.84,Tools
Product 253,733.97,Sports
Product 254,734.94,Sports
Product 255,97.49,Food
Product 256,308.20,Tools
Product 257,785.48,Clothing
Product 258,39.74,Home
Product 259,53.88,Beauty
Product 260,487.75,Food
Product 261,358.67,Garden
Product 262,81.67,Tools
Product 263,915.61,Home
Product 264,816.14,Garden
Product 265,207.85,Clothing
Product 266,356.41,Beauty
Product 267,757.56,Toys
Product 268,446.97,Electronics
Product 269,556.77,Beauty
Product 270,948.66,Garden
Product 271,395.59,Beauty
Product 272,38.95,Toys
Product 273,746.30,Toys
Product 274,850.79,Books
Product 275,188.72,Toys
Product 276,227.17,Clothing
Product 277,483.33,Books
Product 278,13.41,Clothing
Product 279,829.79,Beauty
Product 280,844.07,Toys
Product 281,414.11,Food
Product 282,124.47,Books
Product 283,734.96,Tools
Product 284,288.18,Beauty
Product 285,289.23,Beauty
Product 286,12.22,Tools
Product 287,758.40,Clothing
Product 288,651.75,Home
Product 289,318.08,Sports
Product 290,70.70,Home
Product 291,557.46,Electronics
Product 292,470.44,Toys
Product 293,288.70,Electronics
Product 294,203.55,Books
Product 295,877.40,Garden
Product 296,472.22,Clothing
Product 297,911.64,Beauty
Product 298,644.98,Books
Product 299,195.65,Toys
Product 300,665.13,Sports
Product 301,577.50,Home
Product 302,699.64,Toys
Product 303,99.71,Books
Product 304,409.50,Food
Product 305,245.22,Books
Product 306,608.36,Books
Product 307,581.14,Garden
Product 308,467.69,Clothing
Product 309,877.04,Toys
Product 310,44.62,Clothing
Product 311,21.22,Tools
Product 312,690.56,Sports
Product 313,574.62,Beauty
Product 314,510.80,Clothing
Product 315,695.99,Garden
Product 316,767.32,Tools
Product 317,555.73,Toys
Product 318,401.27,Electronics
Product 319,291.72,Tools
Product 320,464.61,Clothing
Product 321,787.34,Books
Product 322,886.26,Toys
Product 323,991.22,Electronics
Product 324,133.65,Food
Product 325,754.09,Garden
Product 326,91.64,Toys
Product 327,700.63,Electronics
Product 328,588.78,Home
Product 329,154.51,Sports
Product 330,148.58,Garden
Product 331,352.97,Sports
Product 332,83.01,Electronics
Product 333,277.43,Clothing
Product 334,895.20,Electronics
Product 335,265.53,Sports
Product 336,37.36,Clothing
Product 337,160.79,Food
Product 338,458.11,Food
Product 339,217.13,Clothing
Product 340,361.80,Clothing
Product 341,254.88,Clothing
Product 342,626.24,Clothing
Product 343,519.36,Garden
Product 344,693.23,Electronics
Product 345,639.23,Garden
Product 346,394.80,Electronics
Product 347,115.70,Clothing
Product 348,257.13,Garden
Product 349,218.25,Home
Product 350,398.00,Home
Product 351,876.52,Tools
Product 352,400.39,Clothing
Product 353,527.85,Clothing
Product 354,653.35,Food
Product 355,52.17,Sports
Product 356,419.66,Beauty
Product 357,827.52,Toys
Product 358,606.23,Beauty
Product 359,274.07,Garden
Product 360,465.52,Beauty
Product 361,20.05,Toys
Product 362,620.87,Books
Product 363,399.10,Food
Product 364,369.30,Clothing
Product 365,26.34,Tools
Product 366,966.51,Sports
Product 367,319.21,Electronics
Product 368,465.41,Books
Product 369,89.22,Toys
Product 370,657.66,Tools
Product 371,881.12,Tools
Product 372,155.45,Clothing
Product 373,72.48,Clothing
Product 374,177.71,Toys
Product 375,232.77,Tools
Product 376,527.55,Electronics
Product 377,669.65,Toys
Product 378,903.04,Clothing
Product 379,687.72,Clothing
Product 380,131.76,Electronics
Product 381,158.52,Sports
Product 382,857.71,Home
Product 383,122.14,Books
Product 384,389.56,Tools
Product 385,978.92,Toys
Product 386,719.71,Home
Product 387,172.56,Clothing
Product 388,444.95,Beauty
Product 389,602.94,Beauty
Product 390,866.68,Garden
Product 391,305.60,Sports
Product 392,493.29,Books
Product 393,199.05,Electronics
Product 394,268.84,Home
Product 395,897.89,Beauty
Product 396,980.06,Food
Product 397,817.48,Tools
Product 398,593.55,Electronics
Product 399,623.40,Garden
Product 400,967.24,Tools
Product 401,34.94,Tools
Product 402,894.72,Toys
Product 403,330.37,Beauty
Product 404,182.00,Sports
Product 405,825.64,Toys
Product 406,187.30,Garden
Product 407,574.86,Clothing
Product 408,498.34,Books
Product 409,348.98,Books
Product 410,787.73,Sports
Product 411,911.67,Clothing
Product 412,635.73,Food
Product 413,976.25,Toys
Product 414,377.82,Electronics
Product 415,83.99,Food
Product 416,50.47,Clothing
Product 417,502.65,Garden
Product 418,73.13,Toys
Product 419,802.12,Clothing
Product 420,385.69,Home
Product 421,182.98,Beauty
Product 422,958.65,Tools
Product 423,217.42,Garden
Product 424,907.99,Home
Product 425,72.59,Books
Product 426,335.04,Electronics
Product 427,834.72,Beauty
Product 428,617.62,Toys
Product 429,557.50,Food
Product 430,979.97,Sports
Product 431,244.64,Electronics
Product 432,51.71,Toys
Product 433,412.82,Beauty
Product 434,347.70,Books
Product 435,219.75,Toys
Product 436,560.96,Toys
Product 437,617.36,Beauty
Product 438,723.21,Beauty
Product 439,527.24,Toys
Product 440,31.19,Electronics
Product 441,803.88,Books
Product 442,871.53,Garden
Product 443,908.19,Tools
Product 444,730.19,Electronics
Product 445,414.51,Tools
Product 446,188.10,Garden
Product 447,334.73,Sports
Product 448,395.88,Electronics
Product 449,613.58,Books
Product 450,632.50,Beauty
Product 451,268.02,Beauty
Product 452,868.79,Electronics
Product 453,706.57,Books
Product 454,93.98,Sports
Product 455,678.73,Sports
Product 456,160.28,Toys
Product 457,518.31,Food
Product 458,40.50,Electronics
Product 459,208.18,Clothing
Product 460,518.84,Beauty
Product 461,836.18,Sports
Product 462,501.60,Beauty
Product 463,581.81,Books
Product 464,82.55,Electronics
Product 465,717.41,Beauty
Product 466,170.53,Food
Product 467,890.24,Home
Product 468,683.41,Home
Product 469,525.49,Beauty
Product 470,611.98,Books
Product 471,422.35,Clothing
Product 472,321.09,Sports
Product 473,412.64,Books
Product 474,450.50,Food
Product 475,800.00,Garden
Product 476,633.35,Garden
Product 477,616.99,Books
Product 478,190.22,Toys
Product 479,713.82,Food
Product 480,653.00,Clothing
Product 481,293.81,Home
Product 482,586.62,Beauty
Product 483,852.61,Home
Product 484,47.91,Sports
Product 485,438.84,Garden
Product 486,780.66,Food
Product 487,698.92,Beauty
Product 488,353.24,Clothing
Product 489,799.11,Electronics
Product 490,355.63,Electronics
Product 491,228.67,Books
Product 492,877.84,Books
Product 493,831.81,Electronics
Product 494,858.28,Home
Product 495,554.87,Home
Product 496,472.60,Tools
Product 497,639.06,Food
Product 498,888.71,Beauty
Product 499,654.92,Toys
Product 500,112.40,Food
Product 501,513.18,Clothing
Product 502,271.39,Tools
Product 503,608.44,Beauty
Product 504,92.53,Toys
Product 505,11.87,Books
Product 506,858.86,Electronics
Product 507,488.16,Toys
Product 508,69.28,Food
Product 509,751.78,Sports
Product 510,103.53,Clothing
Product 511,830.28,Toys
Product 512,235.17,Beauty
Product 513,747.94,Home
Product 514,696.90,Electronics
Product 515,794.25,Electronics
Product 516,55.35,Home
Product 517,726.24,Home
Product 518,453.00,Garden
Product 519,74.46,Toys
Product 520,456.35,Food
Product 521,589.53,Home
Product 522,455.89,Garden
Product 523,908.63,Books
Product 524,784.80,Sports
Product 525,994.52,Electronics
Product 526,903.64,Books
Product 527,181.53,Toys
Product 528,876.70,Beauty
Product 529,626.98,Toys
Product 530,20.08,Beauty
Product 531,232.80,Home
Product 532,979.88,Tools
Product 533,161.74,Beauty
Product 534,48.50,Books
Product 535,52.61,Tools
Product 536,464.15,Garden
Product 537,154.00,Food
Product 538,34.74,Home
Product 539,957.71,Beauty
Product 540,880.08,Clothing
Product 541,883.87,Food
Product 542,447.04,Toys
Product 543,627.53,Home
Product 544,900.01,Beauty
Product 545,336.67,Clothing
Product 546,988.18,Beauty
Product 547,655.70,Food
Product 548,543.39,Home
Product 549,644.26,Tools
Product 550,864.36,Sports
Product 551,311.66,Beauty
Product 552,620.86,Food
Product 553,379.06,Toys
Product 554,158.44,Garden
Product 555,898.65,Books
Product 556,623.89,Garden
Product 557,621.16,Clothing
Product 558,149.73,Beauty
Product 559,815.47,Sports
Product 560,657.44,Clothing
Product 561,342.96,Clothing
Product 562,829.95,Tools
Product 563,661.58,Electronics
Product 564,563.34,Tools
Product 565,313.73,Toys
Product 566,699.03,Clothing
Product 567,842.39,Clothing
Product 568,22.42,Home
Product 569,492.83,Sports
Product 570,612.57,Electronics
Product 571,623.78,Electronics
Product 572,261.04,Beauty
Product 573,743.75,Home
Product 574,319.22,Electronics
Product 575,455.87,Garden
Product 576,55.12,Sports
Product 577,74.37,Beauty
Product 578,214.64,Home
Product 579,340.66,Home
Product 580,303.16,Tools
Product 581,100.10,Tools
Product 582,257.54,Home
Product 583,778.25,Electronics
Product 584,541.80,Tools
Product 585,536.17,Toys
Product 586,754.07,Home
Product 587,561.43,Clothing
Product 588,155.09,Beauty
Product 589,663.91,Food
Product 590,547.98,Beauty
Product 591,358.70,Food
Product 592,50.58,Clothing
Product 593,245.29,Books
Product 594,97.89,Books
Product 595,226.37,Garden
Product 596,648.72,Toys
Product 597,403.53,Food
Product 598,145.13,Beauty
Product 599,905.59,Home
Product 600,227.95,Books
Product 601,204.82,Toys
Product 602,40.63,Toys
Product 603,889.11,Books
Product 604,370.29,Home
Product 605,739.06,Home
Product 606,834.13,Clothing
Product 607,117.49,Beauty
Product 608,78.04,Garden
Product 609,793.82,Electronics
Product 610,135.10,Food
Product 611,540.95,Food
Product 612,225.66,Toys
Product 613,771.32,Food
Product 614,112.97,Electronics
Product 615,503.36,Books
Product 616,171.98,Books
Product 617,516.41,Books
Product 618,90.61,Food
Product 619,349.33,Electronics
Product 620,719.26,Books
Product 621,333.46,Garden
Product 622,976.16,Toys
Product 623,268.78,Tools
Product 624,810.90,Clothing
Product 625,305.91,Tools
Product 626,94.11,Tools
Product 627,741.01,Tools
Product 628,238.05,Sports
Product 629,333.98,Food
Product 630,333.87,Books
Product 631,812.60,Sports
Product 632,639.50,Clothing
Product 633,513.68,Electronics
Product 634,581.11,Toys
Product 635,268.17,Food
Product 636,531.12,Clothing
Product 637,791.90,Sports
Product 638,721.76,Clothing
Product 639,908.74,Beauty
Product 640,705.90,Beauty
Product 641,726.00,Sports
Product 642,173.27,Home
Product 643,11.50,Clothing
Product 644,977.66,Sports
Product 645,834.19,Garden
Product 646,245.50,Garden
Product 647,321.50,Beauty
Product 648,62.54,Beauty
Product 649,315.63,Sports
Product 650,407.48,Books
Product 651,457.31,Garden
Product 652,293.26,Electronics
Product 653,121.13,Home
Product 654,848.42,Home
Product 655,856.54,Beauty
Product 656,240.17,Tools
Product 657,811.18,Garden
Product 658,103.72,Books
Product 659,280.83,Toys
Product 660,295.94,Food
Product 661,112.13,Electronics
Product 662,159.36,Tools
Product 663,808.27,Home
Product 664,386.53,Books
Product 665,913.08,Home
Product 666,575.33,Sports
Product 667,717.90,Books
Product 668,911.95,Tools
Product 669,501.93,Toys
Product 670,645.27,Toys
Product 671,965.58,Sports
Product 672,834.49,Home
Product 673,216.11,Tools
Product 674,10.36,Beauty
Product 675,134.51,Books
Product 676,296.68,Food
Product 677,263.06,Home
Product 678,816.33,Sports
Product 679,754.82,Food
Product 680,474.21,Books
Product 681,264.10,Sports
Product 682,671.66,Tools
Product 683,533.54,Sports
Product 684,772.31,Toys
Product 685,176.53,Tools
Product 686,964.95,Electronics
Product 687,737.55,Food
Product 688,711.10,Clothing
Product 689,311.61,Clothing
Product 690,397.55,Home
Product 691,636.03,Tools
Product 692,615.41,Food
Product 693,70.65,Food
Product 694,33.90,Beauty
Product 695,75.05,Clothing
Product 696,440.87,Sports
Product 697,382.16,Food
Product 698,985.81,Home
Product 699,246.51,Food
Product 700,997.42,Sports
Product 701,343.17,Toys
Product 702,260.58,Toys
Product 703,214.93,Clothing
Product 704,28.94,Books
Product 705,153.35,Toys
Product 706,899.77,Beauty
Product 707,456.71,Home
Product 708,872.73,Clothing
Product 709,426.88,Clothing
Product 710,578.16,Garden
Product 711,400.03,Electronics
Product 712,586.38,Home
Product 713,992.90,Home
Product 714,937.03,Clothing
Product 715,760.27,Books
Product 716,518.27,Home
Product 717,417.59,Home
Product 718,721.43,Beauty
Product 719,447.16,Electronics
Product 720,481.36,Toys
Product 721,449.30,Electronics
Product 722,406.00,Beauty
Product 723,831.90,Sports
Product 724,888.25,Books
Product 725,592.41,Food
Product 726,313.20,Electronics
Product 727,984.13,Clothing
Product 728,224.56,Food
Product 729,937.25,Home
Product 730,272.91,Home
Product 731,660.89,Tools
Product 732,35.69,Toys
Product 733,68.67,Clothing
Product 734,202.96,Home
Product 735,127.33,Tools
Product 736,501.20,Food
Product 737,183.95,Toys
Product 738,164.73,Electronics
Product 739,100.22,Food
Product 740,752.24,Home
Product 741,26.44,Home
Product 742,773.81,Toys
Product 743,460.97,Clothing
Product 744,769.69,Electronics
Product 745,817.65,Electronics
Product 746,441.24,Garden
Product 747,195.02,Toys
Product 748,844.99,Toys
Product 749,422.58,Garden
Product 750,705.22,Clothing
Product 751,786.62,Books
Product 752,865.91,Electronics
Product 753,992.33,Sports
Product 754,181.68,Sports
Product 755,702.00,Clothing
Product 756,362.16,Electronics
Product 757,789.21,Home
Product 758,251.13,Clothing
Product 759,382.32,Electronics
Product 760,17.28,Tools
Product 761,764.04,Tools
Product 762,453.21,Tools
Product 763,862.40,Tools
Product 764,806.98,Food
Product 765,497.30,Home
Product 766,901.54,Toys
Product 767,146.50,Tools
Product 768,633.38,Tools
Product 769,202.48,Toys
Product 770,760.19,Clothing
Product 771,538.09,Beauty
Product 772,832.91,Tools
Product 773,681.70,Electronics
Product 774,225.26,Clothing
Product 775,706.35,Clothing
Product 776,960.66,Beauty
Product 777,720.00,Food
Product 778,843.60,Tools
Product 779,844.26,Toys
Product 780,239.29,Food
Product 781,70.03,Garden
Product 782,260.76,Tools
Product 783,712.30,Tools
Product 784,673.84,Food
Product 785,359.26,Food
Product 786,545.30,Tools
Product 787,728.40,Tools
Product 788,906.31,Food
Product 789,780.21,Electronics
Product 790,221.05,Toys
Product 791,392.35,Clothing
Product 792,395.56,Home
Product 793,345.91,Toys
Product 794,805.08,Clothing
Product 795,697.52,Home
Product 796,75.66,Tools
Product 797,985.71,Home
Product 798,911.91,Home
Product 799,545.99,Books
Product 800,871.26,Home
Product 801,280.21,Clothing
Product 802,431.68,Beauty
Product 803,811.05,Food
Product 804,740.30,Home
Product 805,147.11,Food
Product 806,108.97,Garden
Product 807,768.40,Toys
Product 808,408.26,Garden
Product 809,114.27,Toys
Product 810,115.79,Electronics
Product 811,159.61,Sports
Product 812,875.85,Home
Product 813,468.82,Books
Product 814,737.03,Electronics
Product 815,446.59,Toys
Product 816,937.20,Toys
Product 817,490.91,Tools
Product 818,962.42,Electronics
Product 819,130.40,Books
Product 820,6.94,Garden
Product 821,505.09,Food
Product 822,528.95,Toys
Product 823,18.88,Tools
Product 824,336.67,Clothing
Product 825,557.38,Toys
Product 826,25.06,Food
Product 827,850.64,Clothing
Product 828,861.49,Toys
Product 829,277.90,Clothing
Product 830,724.67,Clothing
Product 831,43.38,Garden
Product 832,868.89,Beauty
Product 833,958.03,Books
Product 834,482.75,Electronics
Product 835,651.34,Books
Product 836,947.02,Electronics
Product 837,872.48,Toys
Product 838,193.65,Tools
Product 839,553.76,Beauty
Product 840,15.95,Home
Product 841,593.43,Food
Product 842,571.03,Home
Product 843,101.34,Beauty
Product 844,863.15,Tools
Product 845,249.35,Beauty
Product 846,502.40,Beauty
Product 847,457.13,Beauty
Product 848,123.63,Sports
Product 849,281.56,Books
Product 850,351.07,Food
Product 851,963.62,Home
Product 852,294.25,Toys
Product 853,838.03,Electronics
Product 854,642.61,Toys
Product 855,505.34,Garden
Product 856,424.48,Home
Product 857,89.25,Home
Product 858,757.59,Garden
Product 859,132.55,Books
Product 860,709.25,Electronics
Product 861,170.15,Food
Product 862,578.71,Garden
Product 863,405.14,Books
Product 864,834.70,Electronics
Product 865,690.59,Electronics
Product 866,491.97,Sports
Product 867,764.64,Garden
Product 868,225.23,Sports
Product 869,470.34,Toys
Product 870,601.19,Toys
Product 871,174.83,Food
Product 872,418.84,Electronics
Product 873,108.00,Sports
Product 874,293.64,Tools
Product 875,766.03,Books
Product 876,953.52,Garden
Product 877,539.75,Sports
Product 878,692.40,Sports
Product 879,370.52,Home
Product 880,650.17,Clothing
Product 881,42.87,Sports
Product 882,166.77,Home
Product 883,7.19,Clothing
Product 884,705.63,Garden
Product 885,413.46,Tools
Product 886,166.98,Home
Product 887,238.54,Electronics
Product 888,724.09,Electronics
Product 889,308.02,Beauty
Product 890,258.51,Garden
Product 891,36.95,Clothing
Product 892,198.33,Tools
Product 893,802.82,Clothing
Product 894,180.85,Clothing
Product 895,341.23,Tools
Product 896,12.37,Beauty
Product 897,390.59,Electronics
Product 898,294.38,Home
Product 899,690.64,Electronics
Product 900,850.26,Garden
Product 901,547.18,Electronics
Product 902,752.48,Tools
Product 903,619.31,Garden
Product 904,917.62,Books
Product 905,555.79,Books
Product 906,822.85,Home
Product 907,734.45,Books
Product 908,467.93,Home
Product 909,989.29,Tools
Product 910,811.05,Beauty
Product 911,156.22,Food
Product 912,407.55,Tools
Product 913,546.96,Books
Product 914,332.23,Food
Product 915,997.89,Toys
Product 916,451.39,Tools
Product 917,77.06,Home
Product 918,642.05,Tools
Product 919,421.27,Sports
Product 920,393.82,Books
Product 921,908.72,Books
Product 922,790.14,Tools
Product 923,305.38,Electronics
Product 924,744.51,Clothing
Product 925,875.75,Food
Product 926,722.43,Toys
Product 927,830.22,Sports
Product 928,553.41,Sports
Product 929,122.33,Sports
Product 930,635.11,Sports
Product 931,484.77,Books
Product 932,403.77,Beauty
Product 933,345.58,Toys
Product 934,401.67,Tools
Product 935,309.12,Toys
Product 936,47.99,Electronics
Product 937,395.08,Toys
Product 938,237.94,Sports
Product 939,797.62,Tools
Product 940,361.36,Garden
Product 941,260.37,Books
Product 942,639.16,Beauty
Product 943,302.96,Toys
Product 944,849.38,Toys
Product 945,250.84,Toys
Product 946,21.35,Sports
Product 947,185.72,Garden
Product 948,824.25,Clothing
Product 949,520.17,Tools
Product 950,757.76,Garden
Product 951,499.79,Toys
Product 952,243.62,Toys
Product 953,141.61,Home
Product 954,221.39,Home
Product 955,887.20,Beauty
Product 956,173.85,Home
Product 957,375.77,Books
Product 958,5.55,Clothing
Product 959,875.81,Electronics
Product 960,751.58,Sports
Product 961,190.90,Tools
Product 962,755.21,Home
Product 963,22.10,Clothing
Product 964,764.39,Beauty
Product 965,207.78,Books
Product 966,252.24,Clothing
Product 967,641.06,Food
Product 968,479.46,Food
Product 969,691.72,Food
Product 970,286.74,Toys
Product 971,391.42,Sports
Product 972,544.30,Tools
Product 973,363.88,Electronics
Product 974,603.93,Home
Product 975,988.69,Tools
Product 976,339.73,Sports
Product 977,978.48,Food
Product 978,503.17,Food
Product 979,220.16,Tools
Product 980,766.44,Food
Product 981,224.30,Home
Product 982,19.65,Home
Product 983,856.84,Food
Product 984,651.26,Food
Product 985,881.94,Electronics
Product 986,540.37,Tools
Product 987,544.35,Beauty
Product 988,683.42,Home
Product 989,758.48,Toys
Product 990,582.73,Sports
Product 991,46.39,Sports
Product 992,323.78,Garden
Product 993,957.56,Food
Product 994,532.88,Clothing
Product 995,937.37,Tools
Product 996,735.69,Toys
Product 997,372.81,Home
Product 998,195.43,Clothing
Product 999,455.89,Food
Product 1000,325.22,Toys
Product 1001,541.04,Electronics
Product 1002,236.97,Clothing
Product 1003,466.39,Food
Product 1004,462.44,Home
Product 1005,929.11,Garden
Product 1006,630.62,Home
Product 1007,637.67,Home
Product 1008,800.12,Clothing
Product 1009,899.29,Home
Product 1010,121.52,Food
Product 1011,383.03,Books
Product 1012,703.14,Toys
Product 1013,835.86,Tools
Product 1014,366.31,Beauty
Product 1015,109.46,Books
Product 1016,187.29,Electronics
Product 1017,742.45,Books
Product 1018,560.66,Garden
Product 1019,817.10,Electronics
Product 1020,771.55,Electronics
Product 1021,711.93,Sports
Product 1022,858.76,Home
Product 1023,715.64,Electronics
Product 1024,151.04,Books
Product 1025,908.53,Food
Product 1026,958.43,Clothing
Product 1027,225.02,Home
Product 1028,43.76,Tools
Product 1029,661.67,Clothing
Product 1030,289.37,Garden
Product 1031,795.76,Food
Product 1032,881.94,Sports
Product 1033,28.35,Food
Product 1034,304.51,Books
Product 1035,707.22,Beauty
Product 1036,241.80,Sports
Product 1037,785.10,Garden
Product 1038,239.41,Beauty
Product 1039,764.61,Toys
Product 1040,616.87,Clothing
Product 1041,879.54,Books
Product 1042,153.30,Tools
Product 1043,468.31,Garden
Product 1044,202.08,Food
Product 1045,787.23,Food
Product 1046,145.45,Food
Product 1047,430.61,Clothing
Product 1048,198.72,Clothing
Product 1049,91.17,Home
Product 1050,273.48,Electronics
Product 1051,206.36,Books
Product 1052,529.84,Garden
Product 1053,810.13,Tools
Product 1054,41.24,Home
Product 1055,948.55,Sports
Product 1056,204.08,Electronics
Product 1057,928.25,Clothing
Product 1058,608.93,Electronics
Product 1059,279.18,Clothing
Product 1060,91.12,Toys
Product 1061,771.79,Books
Product 1062,292.45,Food
Product 1063,410.92,Sports
Product 1064,167.26,Garden
Product 1065,550.64,Beauty
Product 1066,407.71,Books
Product 1067,786.77,Electronics
Product 1068,651.05,Home
Product 1069,158.20,Books
Product 1070,957.74,Books
Product 1071,975.79,Beauty
Product 1072,978.67,Sports
Product 1073,917.32,Clothing
Product 1074,645.54,Clothing
Product 1075,377.44,Electronics
Product 1076,235.02,Toys
Product 1077,592.28,Tools
Product 1078,473.48,Electronics
Product 1079,659.43,Books
Product 1080,204.13,Toys
Product 1081,23.15,Food
Product 1082,385.48,Electronics
Product 1083,291.09,Toys
Product 1084,891.64,Toys
Product 1085,424.28,Toys
Product 1086,869.91,Electronics
Product 1087,129.15,Tools
Product 1088,389.83,Sports
Product 1089,649.32,Clothing
Product 1090,130.34,Books
Product 1091,513.26,Toys
Product 1092,692.22,Electronics
Product 1093,89.23,Tools
Product 1094,444.86,Food
Product 1095,252.78,Sports
Product 1096,824.09,Food
Product 1097,587.42,Clothing
Product 1098,300.75,Books
Product 1099,329.30,Sports
Product 1100,939.16,Garden
Product 1101,573.57,Beauty
Product 1102,996.01,Electronics
Product 1103,440.72,Sports
Product 1104,344.67,Sports
Product 1105,45.08,Sports
Product 1106,625.01,Sports
Product 1107,5.97,Clothing
Product 1108,848.25,Tools
Product 1109,892.36,Tools
Product 1110,991.37,Home
Product 1111,613.65,Beauty
Product 1112,313.49,Beauty
Product 1113,512.97,Garden
Product 1114,625.44,Books
Product 1115,436.90,Sports
Product 1116,520.56,Food
Product 1117,842.11,Sports
Product 1118,861.01,Clothing
Product 1119,798.55,Beauty
Product 1120,272.42,Food
Product 1121,659.73,Toys
Product 1122,991.58,Sports
Product 1123,693.28,Home
Product 1124,134.43,Food
Product 1125,762.69,Sports
Product 1126,114.98,Toys
Product 1127,430.93,Electronics
Product 1128,748.15,Food
Product 1129,762.31,Food
Product 1130,403.13,Home
Product 1131,208.45,Garden
Product 1132,148.32,Home
Product 1133,252.90,Tools
Product 1134,90.87,Food
Product 1135,968.96,Garden
Product 1136,630.04,Garden
Product 1137,830.58,Beauty
Product 1138,148.62,Electronics
Product 1139,922.03,Books
Product 1140,40.97,Clothing
Product 1141,631.28,Electronics
Product 1142,481.85,Sports
Product 1143,67.02,Beauty
Product 1144,713.40,Garden
Product 1145,478.11,Tools
Product 1146,189.70,Books
Product 1147,403.69,Tools
Product 1148,412.85,Sports
Product 1149,113.85,Clothing
Product 1150,35.80,Home
Product 1151,497.52,Home
Product 1152,230.36,Garden
Product 1153,692.27,Beauty
Product 1154,528.49,Home
Product 1155,119.85,Electronics
Product 1156,318.88,Tools
Product 1157,470.23,Food
Product 1158,924.02,Food
Product 1159,47.53,Beauty
Product 1160,346.24,Food
Product 1161,40.06,Food
Product 1162,950.76,Electronics
Product 1163,251.99,Sports
Product 1164,104.08,Books
Product 1165,424.69,Beauty
Product 1166,195.75,Electronics
Product 1167,172.26,Clothing
Product 1168,484.69,Beauty
Product 1169,666.15,Home
Product 1170,415.54,Food
Product 1171,827.40,Toys
Product 1172,762.16,Toys
Product 1173,165.89,Sports
Product 1174,578.30,Tools
Product 1175,954.54,Sports
Product 1176,531.70,Toys
Product 1177,243.38,Sports
Product 1178,985.92,Clothing
Product 1179,963.11,Garden
Product 1180,119.43,Tools
Product 1181,555.21,Toys
Product 1182,226.12,Electronics
Product 1183,806.62,Garden
Product 1184,653.63,Sports
Product 1185,668.21,Sports
Product 1186,502.24,Clothing
Product 1187,166.58,Sports
Product 1188,540.38,Tools
Product 1189,471.86,Electronics
Product 1190,771.87,Food
Product 1191,491.45,Garden
Product 1192,761.56,Electronics
Product 1193,518.60,Sports
Product 1194,860.73,Clothing
Product 1195,740.41,Beauty
Product 1196,364.47,Garden
Product 1197,446.24,Home
Product 1198,129.03,Home
Product 1199,313.93,Food
Product 1200,74.72,Garden
Product 1201,200.90,Books
Product 1202,212.17,Garden
Product 1203,837.67,Beauty
Product 1204,448.28,Sports
Product 1205,44.78,Food
Product 1206,338.51,Sports
Product 1207,146.21,Books
Product 1208,998.45,Home
Product 1209,68.78,Toys
Product 1210,531.04,Tools
Product 1211,378.58,Sports
Product 1212,793.33,Home
Product 1213,361.32,Beauty
Product 1214,279.14,Garden
Product 1215,381.63,Garden
Product 1216,83.01,Electronics
Product 1217,847.16,Food
Product 1218,523.25,Garden
Product 1219,822.59,Garden
Product 1220,646.49,Clothing
Product 1221,194.15,Clothing
Product 1222,420.27,Tools
Product 1223,709.98,Beauty
Product 1224,951.87,Home
Product 1225,86.47,Toys
Product 1226,610.01,Food
Product 1227,819.39,Electronics
Product 1228,291.70,Home
Product 1229,663.47,Home
Product 1230,676.69,Tools
Product 1231,223.48,Beauty
Product 1232,824.32,Beauty
Product 1233,852.88,Home
Product 1234,341.09,Beauty
Product 1235,136.82,Beauty
Product 1236,659.11,Sports
Product 1237,971.26,Tools
Product 1238,52.33,Books
Product 1239,344.11,Tools
Product 1240,653.76,Tools
Product 1241,593.60,Garden
Product 1242,150.57,Sports
Product 1243,540.05,Food
Product 1244,385.88,Toys
Product 1245,415.03,Electronics
Product 1246,343.35,Garden
Product 1247,223.14,Toys
Product 1248,263.43,Garden
Product 1249,534.42,Beauty
Product 1250,368.39,Books
Product 1251,562.90,Beauty
Product 1252,813.47,Food
Product 1253,658.10,Sports
Product 1254,801.94,Home
Product 1255,946.92,Beauty
Product 1256,716.12,Clothing
Product 1257,684.57,Tools
Product 1258,317.54,Garden
Product 1259,413.02,Electronics
Product 1260,486.98,Home
Product 1261,778.91,Food
Product 1262,546.61,Electronics
Product 1263,357.39,Home
Product 1264,922.90,Home
Product 1265,130.60,Tools
Product 1266,919.90,Food
Product 1267,475.48,Clothing
Product 1268,818.90,Beauty
Product 1269,927.58,Sports
Product 1270,196.96,Electronics
Product 1271,653.11,Beauty
Product 1272,946.98,Garden
Product 1273,283.35,Beauty
Product 1274,864.02,Sports
Product 1275,532.25,Sports
Product 1276,796.76,Clothing
Product 1277,967.24,Tools
Product 1278,178.48,Clothing
Product 1279,191.63,Garden
Product 1280,924.36,Tools
Product 1281,563.91,Sports
Product 1282,679.84,Home
Product 1283,926.00,Electronics
Product 1284,590.14,Tools
Product 1285,458.34,Toys
Product 1286,970.38,Home
Product 1287,998.69,Books
Product 1288,269.81,Books
Product 1289,164.44,Clothing
Product 1290,346.21,Tools
Product 1291,311.80,Electronics
Product 1292,515.05,Beauty
Product 1293,946.08,Home
Product 1294,233.85,Toys
Product 1295,498.05,Food
Product 1296,136.33,Clothing
Product 1297,622.71,Food
Product 1298,331.65,Home
Product 1299,493.45,Beauty
Product 1300,983.90,Home
Product 1301,353.91,Sports
Product 1302,623.20,Sports
Product 1303,23.41,Toys
Product 1304,877.86,Food
Product 1305,720.52,Toys
Product 1306,443.83,Food
Product 1307,278.30,Toys
Product 1308,542.14,Electronics
Product 1309,506.15,Home
Product 1310,127.26,Electronics
Product 1311,132.95,Food
Product 1312,522.43,Toys
Product 1313,98.55,Books
Product 1314,340.84,Food
Product 1315,273.54,Tools
Product 1316,983.77,Clothing
Product 1317,675.55,Tools
Product 1318,91.23,Home
Product 1319,63.10,Home
Product 1320,754.62,Books
Product 1321,727.10,Toys
Product 1322,693.47,Home
Product 1323,469.33,Food
Product 1324,576.03,Clothing
Product 1325,529.06,Toys
Product 1326,922.53,Sports
Product 1327,106.81,Tools
Product 1328,688.06,Sports
Product 1329,243.88,Sports
Product 1330,321.34,Tools
Product 1331,122.57,Electronics
Product 1332,153.02,Food
Product 1333,456.86,Sports
Product 1334,914.91,Toys
Product 1335,119.37,Tools
Product 1336,863.49,Clothing
Product 1337,800.03,Electronics
Product 1338,953.10,Sports
Product 1339,583.06,Electronics
Product 1340,406.39,Tools
Product 1341,156.03,Tools
Product 1342,837.97,Tools
Product 1343,565.12,Sports
Product 1344,843.20,Toys
Product 1345,954.36,Food
Product 1346,494.61,Sports
Product 1347,236.14,Sports
Product 1348,505.92,Home
Product 1349,747.88,Tools
Product 1350,996.22,Toys
Product 1351,893.51,Sports
Product 1352,779.37,Home
Product 1353,426.91,Toys
Product 1354,874.82,Sports
Product 1355,519.76,Toys
Product 1356,779.78,Garden
Product 1357,698.41,Electronics
Product 1358,774.14,Garden
Product 1359,573.19,Home
Product 1360,917.77,Tools
Product 1361,970.09,Toys
Product 1362,153.80,Tools
Product 1363,216.84,Books
Product 1364,740.62,Beauty
Product 1365,14.65,Home
Product 1366,319.34,Clothing
Product 1367,612.49,Beauty
Product 1368,490.59,Tools
Product 1369,695.37,Home
Product 1370,450.95,Toys
Product 1371,928.18,Sports
Product 1372,667.53,Beauty
Product 1373,232.02,Clothing
Product 1374,481.03,Clothing
Product 1375,9.89,Home
Product 1376,619.90,Home
Product 1377,405.15,Tools
Product 1378,464.97,Home
Product 1379,103.91,Beauty
Product 1380,488.55,Garden
Product 1381,897.35,Tools
Product 1382,394.35,Beauty
Product 1383,787.72,Clothing
Product 1384,481.26,Food
Product 1385,93.18,Sports
Product 1386,483.94,Tools
Product 1387,875.84,Toys
Product 1388,954.09,Clothing
Product 1389,342.87,Garden
Product 1390,846.78,Clothing
Product 1391,292.79,Food
Product 1392,609.09,Beauty
Product 1393,516.57,Tools
Product 1394,643.50,Tools
Product 1395,844.05,Books
Product 1396,562.88,Sports
Product 1397,201.82,Home
Product 1398,882.60,Home
Product 1399,500.17,Books
Product 1400,581.75,Sports
Product 1401,874.06,Home
Product 1402,641.04,Food
Product 1403,49.14,Clothing
Product 1404,103.30,Beauty
Product 1405,920.41,Tools
Product 1406,23.99,Food
Product 1407,963.43,Garden
Product 1408,14.87,Toys
Product 1409,108.22,Clothing
Product 1410,382.97,Electronics
Product 1411,690.80,Sports
Product 1412,61.92,Electronics
Product 1413,695.40,Books
Product 1414,540.37,Books
Product 1415,275.34,Tools
Product 1416,265.64,Tools
Product 1417,951.49,Sports
Product 1418,851.61,Tools
Product 1419,176.11,Clothing
Product 1420,331.97,Home
Product 1421,455.20,Clothing
Product 1422,93.72,Tools
Product 1423,322.27,Garden
Product 1424,800.48,Electronics
Product 1425,632.68,Sports
Product 1426,717.01,Toys
Product 1427,351.20,Clothing
Product 1428,186.17,Electronics
Product 1429,819.02,Home
Product 1430,578.96,Garden
Product 1431,805.67,Garden
Product 1432,193.33,Sports
Product 1433,732.53,Clothing
Product 1434,447.16,Home
Product 1435,169.59,Garden
Product 1436,76.55,Sports
Product 1437,317.46,Tools
Product 1438,602.16,Food
Product 1439,748.70,Books
Product 1440,696.47,Garden
Product 1441,981.90,Food
Product 1442,788.96,Beauty
Product 1443,819.91,Beauty
Product 1444,805.01,Toys
Product 1445,633.64,Sports
Product 1446,136.15,Electronics
Product 1447,829.87,Toys
Product 1448,350.50,Food
Product 1449,817.98,Books
Product 1450,68.21,Home
Product 1451,382.02,Clothing
Product 1452,307.52,Sports
Product 1453,385.90,Toys
Product 1454,601.43,Sports
Product 1455,840.04,Garden
Product 1456,511.01,Garden
Product 1457,298.06,Beauty
Product 1458,535.89,Tools
Product 1459,177.94,Sports
Product 1460,732.23,Home
Product 1461,526.51,Sports
Product 1462,713.84,Books
Product 1463,180.43,Sports
Product 1464,465.29,Tools
Product 1465,124.54,Home
Product 1466,371.70,Tools
Product 1467,667.14,Electronics
Product 1468,728.71,Toys
Product 1469,888.23,Garden
Product 1470,392.58,Electronics
Product 1471,39.27,Food
Product 1472,784.45,Tools
Product 1473,752.27,Garden
Product 1474,194.92,Tools
Product 1475,68.70,Sports
Product 1476,29.78,Clothing
Product 1477,634.59,Sports
Product 1478,511.46,Home
Product 1479,549.11,Electronics
Product 1480,786.29,Books
Product 1481,606.31,Tools
Product 1482,82.59,Sports
Product 1483,621.01,Electronics
Product 1484,185.74,Home
Product 1485,239.36,Home
Product 1486,914.20,Home
Product 1487,984.87,Clothing
Product 1488,338.09,Beauty
Product 1489,358.66,Clothing
Product 1490,45.65,Toys
Product 1491,14.17,Garden
Product 1492,396.64,Garden
Product 1493,802.55,Beauty
Product 1494,876.95,Books
Product 1495,647.23,Sports
Product 1496,588.35,Tools
Product 1497,281.95,Tools
Product 1498,581.60,Sports
Product 1499,369.95,Electronics
Product 1500,397.12,Tools
Product 1501,438.99,Beauty
Product 1502,588.72,Toys
Product 1503,799.16,Beauty
Product 1504,704.16,Books
Product 1505,819.72,Electronics
Product 1506,118.51,Electronics
Product 1507,853.40,Toys
Product 1508,706.25,Clothing
Product 1509,216.49,Sports
Product 1510,546.97,Garden
Product 1511,494.39,Tools
Product 1512,156.94,Toys
Product 1513,87.73,Sports
Product 1514,810.78,Home
Product 1515,46.33,Clothing
Product 1516,690.89,Sports
Product 1517,512.21,Beauty
Product 1518,561.03,Books
Product 1519,176.20,Garden
Product 1520,391.17,Garden
Product 1521,474.18,Garden
Product 1522,933.21,Beauty
Product 1523,180.16,Toys
Product 1524,168.35,Sports
Product 1525,603.24,Tools
Product 1526,352.37,Garden
Product 1527,534.85,Electronics
Product 1528,762.92,Tools
Product 1529,458.03,Home
Product 1530,934.43,Clothing
Product 1531,530.75,Electronics
Product 1532,943.59,Tools
Product 1533,393.67,Clothing
Product 1534,682.07,Books
Product 1535,979.78,Home
Product 1536,535.95,Garden
Product 1537,493.92,Toys
Product 1538,101.51,Beauty
Product 1539,728.40,Books
Product 1540,214.49,Beauty
Product 1541,482.49,Electronics
Product 1542,295.63,Toys
Product 1543,77.12,Electronics
Product 1544,929.40,Electronics
Product 1545,806.13,Electronics
Product 1546,652.44,Electronics
Product 1547,861.19,Food
Product 1548,458.40,Books
Product 1549,121.64,Beauty
Product 1550,546.56,Tools
Product 1551,258.79,Clothing
Product 1552,949.35,Garden
Product 1553,645.90,Clothing
Product 1554,945.00,Clothing
Product 1555,906.64,Electronics
Product 1556,571.08,Toys
Product 1557,252.53,Clothing
Product 1558,798.44,Home
Product 1559,458.94,Toys
Product 1560,971.88,Tools
Product 1561,499.68,Electronics
Product 1562,971.51,Garden
Product 1563,298.13,Books
Product 1564,613.54,Toys
Product 1565,313.85,Toys
Product 1566,615.29,Tools
Product 1567,722.09,Home
Product 1568,299.09,Tools
Product 1569,140.97,Food
Product 1570,353.22,Home
Product 1571,666.54,Home
Product 1572,784.51,Beauty
Product 1573,334.56,Sports
Product 1574,81.57,Books
Product 1575,872.40,Books
Product 1576,384.75,Electronics
Product 1577,256.90,Sports
Product 1578,77.09,Sports
Product 1579,642.43,Clothing
Product 1580,58.50,Electronics
Product 1581,482.77,Garden
Product 1582,251.08,Sports
Product 1583,177.63,Electronics
Product 1584,850.27,Food
Product 1585,530.01,Home
Product 1586,435.71,Electronics
Product 1587,49.40,Beauty
Product 1588,668.23,Clothing
Product 1589,670.08,Home
Product 1590,67.02,Food
Product 1591,813.63,Clothing
Product 1592,295.83,Sports
Product 1593,154.99,Clothing
Product 1594,81.20,Tools
Product 1595,444.87,Garden
Product 1596,353.94,Toys
Product 1597,746.63,Sports
Product 1598,945.80,Electronics
Product 1599,456.42,Food
Product 1600,925.23,Home
Product 1601,986.86,Books
Product 1602,892.25,Electronics
Product 1603,256.17,Garden
Product 1604,668.83,Beauty
Product 1605,597.15,Food
Product 1606,18.22,Sports
Product 1607,791.30,Books
Product 1608,561.80,Home
Product 1609,791.12,Tools
Product 1610,928.64,Food
Product 1611,654.82,Food
Product 1612,289.48,Sports
Product 1613,740.45,Food
Product 1614,327.07,Tools
Product 1615,492.08,Books
Product 1616,73.74,Beauty
Product 1617,944.94,Sports
Product 1618,320.32,Tools
Product 1619,52.00,Food
Product 1620,875.23,Clothing
Product 1621,937.75,Sports
Product 1622,690.00,Toys
Product 1623,470.25,Home
Product 1624,15.31,Clothing
Product 1625,456.54,Garden
Product 1626,501.56,Food
Product 1627,318.36,Beauty
Product 1628,617.93,Food
Product 1629,198.07,Electronics
Product 1630,967.04,Electronics
Product 1631,16.25,Home
Product 1632,183.76,Sports
Product 1633,893.80,Tools
Product 1634,645.25,Toys
Product 1635,282.16,Food
Product 1636,248.64,Clothing
Product 1637,862.23,Tools
Product 1638,741.99,Garden
Product 1639,620.07,Clothing
Product 1640,189.16,Clothing
Product 1641,320.92,Books
Product 1642,625.34,Books
Product 1643,561.43,Tools
Product 1644,349.38,Home
Product 1645,28.69,Electronics
Product 1646,843.96,Books
Product 1647,826.71,Toys
Product 1648,311.60,Sports
Product 1649,487.12,Food
Product 1650,75.11,Beauty
Product 1651,671.02,Food
Product 1652,50.97,Tools
Product 1653,688.95,Electronics
Product 1654,236.92,Electronics
Product 1655,450.74,Toys
Product 1656,147.51,Garden
Product 1657,253.72,Sports
Product 1658,686.15,Books
Product 1659,603.56,Toys
Product 1660,552.64,Electronics
Product 1661,631.83,Books
Product 1662,652.24,Home
Product 1663,400.21,Electronics
Product 1664,211.83,Home
Product 1665,702.90,Home
Product 1666,955.77,Garden
Product 1667,559.01,Sports
Product 1668,421.75,Clothing
Product 1669,129.72,Electronics
Product 1670,898.46,Toys
Product 1671,829.04,Food
Product 1672,547.69,Toys
Product 1673,548.86,Toys
Product 1674,732.50,Books
Product 1675,924.85,Garden
Product 1676,541.99,Home
Product 1677,231.20,Sports
Product 1678,663.61,Toys
Product 1679,912.89,Garden
Product 1680,213.09,Clothing
Product 1681,343.25,Food
Product 1682,904.12,Books
Product 1683,267.00,Home
Product 1684,935.99,Electronics
Product 1685,671.79,Books
Product 1686,681.80,Books
Product 1687,412.05,Tools
Product 1688,459.84,Books
Product 1689,82.66,Tools
Product 1690,63.06,Clothing
Product 1691,10.19,Electronics
Product 1692,564.11,Sports
Product 1693,883.69,Books
Product 1694,235.73,Clothing
Product 1695,145.83,Clothing
Product 1696,751.71,Books
Product 1697,658.50,Electronics
Product 1698,120.21,Electronics
Product 1699,442.22,Electronics
Product 1700,407.51,Home
Product 1701,964.64,Electronics
Product 1702,829.38,Sports
Product 1703,183.97,Toys
Product 1704,963.08,Garden
Product 1705,762.32,Electronics
Product 1706,649.08,Electronics
Product 1707,828.64,Electronics
Product 1708,683.52,Food
Product 1709,685.07,Beauty
Product 1710,884.18,Sports
Product 1711,172.62,Clothing
Product 1712,457.75,Garden
Product 1713,942.44,Tools
Product 1714,369.19,Food
Product 1715,42.98,Tools
Product 1716,951.14,Garden
Product 1717,936.11,Food
Product 1718,592.33,Clothing
Product 1719,108.41,Beauty
Product 1720,362.33,Food
Product 1721,900.14,Beauty
Product 1722,668.96,Food
Product 1723,658.98,Tools
Product 1724,773.46,Books
Product 1725,704.53,Food
Product 1726,903.02,Books
Product 1727,735.34,Sports
Product 1728,300.05,Sports
Product 1729,472.54,Electronics
Product 1730,530.78,Beauty
Product 1731,639.07,Clothing
Product 1732,284.11,Home
Product 1733,316.43,Beauty
Product 1734,563.21,Sports
Product 1735,844.18,Garden
Product 1736,833.28,Sports
Product 1737,931.01,Home
Product 1738,643.25,Beauty
Product 1739,308.74,Sports
Product 1740,648.31,Home
Product 1741,587.25,Clothing
Product 1742,828.13,Books
Product 1743,858.63,Toys
Product 1744,569.95,Food
Product 1745,323.86,Toys
Product 1746,157.97,Beauty
Product 1747,270.09,Garden
Product 1748,45.31,Beauty
Product 1749,283.12,Electronics
Product 1750,602.27,Toys
Product 1751,240.42,Clothing
Product 1752,252.46,Sports
Product 1753,752.62,Home
Product 1754,388.54,Sports
Product 1755,460.46,Toys
Product 1756,202.13,Home
Product 1757,174.27,Home
Product 1758,516.62,Garden
Product 1759,73.37,Tools
Product 1760,843.04,Books
Product 1761,521.91,Home
Product 1762,26.26,Sports
Product 1763,487.56,Garden
Product 1764,778.32,Clothing
Product 1765,600.51,Sports
Product 1766,709.65,Clothing
Product 1767,145.66,Electronics
Product 1768,131.48,Beauty
Product 1769,554.47,Home
Product 1770,422.49,Electronics
Product 1771,619.95,Toys
Product 1772,793.41,Electronics
Product 1773,838.00,Clothing
Product 1774,251.85,Home
Product 1775,113.69,Books
Product 1776,309.02,Food
Product 1777,65.69,Books
Product 1778,605.40,Books
Product 1779,517.34,Sports
Product 1780,592.99,Toys
Product 1781,748.27,Clothing
Product 1782,796.09,Electronics
Product 1783,31.94,Tools
Product 1784,511.22,Toys
Product 1785,161.92,Electronics
Product 1786,210.08,Beauty
Product 1787,917.97,Sports
Product 1788,313.75,Garden
Product 1789,85.63,Toys
Product 1790,752.91,Home
Product 1791,922.03,Food
Product 1792,787.30,Garden
Product 1793,101.87,Books
Product 1794,396.82,Sports
Product 1795,394.76,Clothing
Product 1796,852.21,Books
Product 1797,482.58,Books
Product 1798,710.30,Toys
Product 1799,178.06,Food
Product 1800,649.83,Sports
Product 1801,701.04,Electronics
Product 1802,543.98,Food
Product 1803,266.89,Food
Product 1804,369.16,Sports
Product 1805,55.56,Tools
Product 1806,256.32,Tools
Product 1807,306.93,Garden
Product 1808,731.14,Beauty
Product 1809,142.97,Toys
Product 1810,852.93,Toys
Product 1811,288.98,Clothing
Product 1812,348.72,Toys
Product 1813,892.44,Beauty
Product 1814,773.87,Sports
Product 1815,926.12,Sports
Product 1816,497.35,Beauty
Product 1817,460.37,Beauty
Product 1818,827.28,Beauty
Product 1819,543.16,Clothing
Product 1820,759.40,Clothing
Product 1821,54.40,Food
Product 1822,983.15,Food
Product 1823,398.87,Food
Product 1824,714.33,Books
Product 1825,205.36,Garden
Product 1826,62.37,Sports
Product 1827,899.58,Books
Product 1828,42.41,Books
Product 1829,361.78,Food
Product 1830,271.12,Toys
Product 1831,821.47,Home
Product 1832,519.32,Sports
Product 1833,900.59,Clothing
Product 1834,30.23,Food
Product 1835,84.12,Tools
Product 1836,98.14,Electronics
Product 1837,935.73,Clothing
Product 1838,828.24,Tools
Product 1839,222.83,Electronics
Product 1840,659.67,Clothing
Product 1841,523.80,Tools
Product 1842,727.20,Electronics
Product 1843,231.93,Garden
Product 1844,205.14,Beauty
Product 1845,147.04,Beauty
Product 1846,999.63,Books
Product 1847,31.57,Home
Product 1848,411.93,Books
Product 1849,259.01,Toys
Product 1850,690.21,Books
Product 1851,544.08,Home
Product 1852,136.82,Toys
Product 1853,324.16,Tools
Product 1854,886.94,Sports
Product 1855,32.43,Clothing
Product 1856,63.69,Toys
Product 1857,990.11,Beauty
Product 1858,488.48,Food
Product 1859,57.98,Home
Product 1860,34.20,Clothing
Product 1861,209.28,Beauty
Product 1862,365.90,Home
Product 1863,56.45,Beauty
Product 1864,603.16,Home
Product 1865,350.93,Books
Product 1866,184.59,Tools
Product 1867,273.49,Books
Product 1868,775.54,Home
Product 1869,645.12,Clothing
Product 1870,224.96,Sports
Product 1871,704.30,Clothing
Product 1872,321.07,Toys
Product 1873,525.40,Tools
Product 1874,162.63,Toys
Product 1875,19.71,Books
Product 1876,511.75,Beauty
Product 1877,853.67,Garden
Product 1878,516.43,Sports
Product 1879,81.38,Books
Product 1880,182.34,Electronics
Product 1881,271.60,Sports
Product 1882,257.28,Food
Product 1883,964.82,Toys
Product 1884,701.54,Toys
Product 1885,24.09,Toys
Product 1886,886.92,Electronics
Product 1887,579.96,Garden
Product 1888,37.55,Clothing
Product 1889,774.27,Beauty
Product 1890,758.79,Tools
Product 1891,339.99,Home
Product 1892,30.47,Tools
Product 1893,980.36,Sports
Product 1894,396.30,Beauty
Product 1895,327.05,Food
Product 1896,978.28,Sports
Product 1897,289.07,Books
Product 1898,570.41,Food
Product 1899,640.82,Tools
Product 1900,273.38,Books
Product 1901,943.84,Books
Product 1902,582.46,Garden
Product 1903,53.67,Home
Product 1904,344.04,Tools
Product 1905,630.09,Clothing
Product 1906,383.87,Food
Product 1907,456.01,Toys
Product 1908,951.56,Books
Product 1909,677.34,Garden
Product 1910,513.77,Beauty
Product 1911,983.35,Books
Product 1912,885.25,Books
Product 1913,209.39,Food
Product 1914,264.88,Beauty
Product 1915,77.80,Beauty
Product 1916,23.52,Electronics
Product 1917,600.73,Toys
Product 1918,354.94,Clothing
Product 1919,662.13,Electronics
Product 1920,146.96,Beauty
Product 1921,155.61,Clothing
Product 1922,373.00,Garden
Product 1923,328.32,Garden
Product 1924,850.62,Clothing
Product 1925,139.18,Tools
Product 1926,870.01,Beauty
Product 1927,789.94,Books
Product 1928,444.22,Food
Product 1929,877.08,Tools
Product 1930,563.62,Clothing
Product 1931,648.22,Tools
Product 1932,473.52,Clothing
Product 1933,706.42,Beauty
Product 1934,532.59,Books
Product 1935,297.29,Home
Product 1936,396.31,Clothing
Product 1937,755.17,Sports
Product 1938,509.93,Clothing
Product 1939,28.04,Books
Product 1940,139.41,Toys
Product 1941,622.09,Food
Product 1942,93.42,Electronics
Product 1943,589.48,Home
Product 1944,633.27,Toys
Product 1945,811.42,Sports
Product 1946,669.55,Clothing
Product 1947,52.32,Home
Product 1948,499.03,Clothing
Product 1949,467.29,Garden
Product 1950,434.27,Beauty
Product 1951,145.22,Sports
Product 1952,545.09,Food
Product 1953,413.00,Clothing
Product 1954,232.90,Beauty
Product 1955,653.27,Books
Product 1956,900.00,Electronics
Product 1957,580.81,Home
Product 1958,824.88,Electronics
Product 1959,15.38,Food
Product 1960,6.54,Clothing
Product 1961,987.86,Home
Product 1962,817.40,Electronics
Product 1963,923.68,Home
Product 1964,685.78,Toys
Product 1965,389.87,Tools
Product 1966,538.03,Electronics
Product 1967,397.77,Beauty
Product 1968,901.67,Garden
Product 1969,890.46,Sports
Product 1970,686.27,Books
Product 1971,840.11,Home
Product 1972,414.15,Tools
Product 1973,963.34,Toys
Product 1974,749.22,Home
Product 1975,401.95,Food
Product 1976,172.07,Beauty
Product 1977,917.42,Sports
Product 1978,159.96,Beauty
Product 1979,814.67,Clothing
Product 1980,713.06,Toys
Product 1981,770.93,Books
Product 1982,259.56,Food
Product 1983,96.41,Toys
Product 1984,852.59,Books
Product 1985,199.02,Garden
Product 1986,270.90,Garden
Product 1987,633.58,Food
Product 1988,847.41,Beauty
Product 1989,196.66,Tools
Product 1990,823.56,Home
Product 1991,455.55,Tools
Product 1992,69.94,Garden
Product 1993,887.98,Garden
Product 1994,784.15,Tools
Product 1995,659.87,Toys
Product 1996,799.57,Garden
Product 1997,94.50,Home
Product 1998,488.33,Beauty
Product 1999,545.39,Sports
Product 2000,846.09,Electronics
Product 2001,274.89,Electronics
Product 2002,297.20,Tools
Product 2003,37.31,Books
Product 2004,265.94,Books
Product 2005,708.83,Books
Product 2006,777.91,Beauty
Product 2007,411.76,Books
Product 2008,51.23,Home
Product 2009,483.41,Toys
Product 2010,293.19,Tools
Product 2011,807.12,Sports
Product 2012,353.27,Food
Product 2013,795.60,Home
Product 2014,483.87,Garden
Product 2015,716.83,Sports
Product 2016,388.58,Beauty
Product 2017,374.38,Food
Product 2018,754.16,Sports
Product 2019,198.08,Beauty
Product 2020,589.06,Electronics
Product 2021,357.65,Food
Product 2022,215.40,Books
Product 2023,939.45,Tools
Product 2024,139.64,Clothing
Product 2025,996.09,Books
Product 2026,113.37,Home
Product 2027,967.56,Clothing
Product 2028,584.62,Tools
Product 2029,755.65,Books
Product 2030,358.61,Home
Product 2031,379.29,Clothing
Product 2032,497.78,Electronics
Product 2033,226.43,Toys
Product 2034,414.08,Books
Product 2035,231.44,Books
Product 2036,434.03,Sports
Product 2037,405.87,Books
Product 2038,226.79,Beauty
Product 2039,319.48,Clothing
Product 2040,60.26,Garden
Product 2041,257.91,Electronics
Product 2042,761.22,Books
Product 2043,889.89,Beauty
Product 2044,427.91,Toys
Product 2045,721.63,Sports
Product 2046,894.06,Toys
Product 2047,871.82,Beauty
Product 2048,755.03,Books
Product 2049,302.03,Tools
Product 2050,297.79,Toys
Product 2051,648.83,Food
Product 2052,78.06,Food
Product 2053,432.87,Toys
Product 2054,651.65,Sports
Product 2055,680.93,Garden
Product 2056,937.56,Food
Product 2057,392.49,Electronics
Product 2058,616.83,Home
Product 2059,615.45,Home
Product 2060,372.08,Clothing
Product 2061,50.52,Beauty
Product 2062,293.97,Beauty
Product 2063,488.83,Sports
Product 2064,529.09,Sports
Product 2065,84.74,Electronics
Product 2066,975.88,Beauty
Product 2067,640.20,Books
Product 2068,276.45,Toys
Product 2069,401.17,Toys
Product 2070,396.69,Books
Product 2071,102.15,Sports
Product 2072,352.56,Books
Product 2073,677.29,Food
Product 2074,158.10,Garden
Product 2075,431.20,Food
Product 2076,702.32,Garden
Product 2077,786.03,Electronics
Product 2078,585.53,Sports
Product 2079,454.08,Tools
Product 2080,839.39,Home
Product 2081,227.65,Tools
Product 2082,436.44,Home
Product 2083,105.69,Books
Product 2084,768.44,Sports
Product 2085,73.15,Clothing
Product 2086,705.92,Beauty
Product 2087,596.47,Garden
Product 2088,388.82,Electronics
Product 2089,370.96,Books
Product 2090,979.43,Clothing
Product 2091,953.42,Electronics
Product 2092,20.68,Electronics
Product 2093,891.82,Garden
Product 2094,312.23,Toys
Product 2095,791.78,Tools
Product 2096,834.19,Clothing
Product 2097,101.85,Beauty
Product 2098,75.99,Garden
Product 2099,118.42,Beauty
Product 2100,532.77,Sports
Product 2101,614.02,Beauty
Product 2102,525.04,Food
Product 2103,12.84,Sports
Product 2104,276.69,Electronics
Product 2105,166.08,Toys
Product 2106,249.99,Garden
Product 2107,536.35,Toys
Product 2108,229.97,Electronics
Product 2109,335.45,Electronics
Product 2110,777.94,Tools
Product 2111,749.57,Books
Product 2112,871.71,Garden
Product 2113,110.41,Home
Product 2114,895.34,Home
Product 2115,240.09,Toys
Product 2116,642.79,Sports
Product 2117,14.89,Tools
Product 2118,261.01,Food
Product 2119,688.19,Toys
Product 2120,682.37,Books
Product 2121,691.72,Home
Product 2122,310.01,Tools
Product 2123,497.72,Garden
Product 2124,17.82,Beauty
Product 2125,227.92,Electronics
Product 2126,828.86,Tools
Product 2127,687.62,Garden
Product 2128,593.91,Food
Product 2129,18.75,Garden
Product 2130,348.25,Home
Product 2131,648.68,Sports
Product 2132,434.90,Tools
Product 2133,181.23,Garden
Product 2134,293.05,Toys
Product 2135,732.00,Clothing
Product 2136,81.61,Sports
Product 2137,556.44,Beauty
Product 2138,623.92,Garden
Product 2139,982.15,Clothing
Product 2140,111.16,Clothing
Product 2141,242.54,Electronics
Product 2142,974.03,Clothing
Product 2143,680.38,Home
Product 2144,148.83,Electronics
Product 2145,616.17,Toys
Product 2146,456.66,Sports
Product 2147,747.60,Electronics
Product 2148,341.53,Books
Product 2149,304.40,Books
Product 2150,929.92,Food
Product 2151,278.47,Books
Product 2152,672.89,Sports
Product 2153,892.17,Sports
Product 2154,966.04,Clothing
Product 2155,522.57,Food
Product 2156,446.95,Home
Product 2157,279.88,Garden
Product 2158,992.50,Tools
Product 2159,603.50,Clothing
Product 2160,697.14,Clothing
Product 2161,421.93,Toys
Product 2162,97.08,Sports
Product 2163,38.84,Books
Product 2164,406.05,Clothing
Product 2165,413.58,Sports
Product 2166,554.50,Toys
Product 2167,28.88,Books
Product 2168,642.15,Garden
Product 2169,963.55,Toys
Product 2170,363.72,Electronics
Product 2171,92.45,Tools
Product 2172,906.17,Books
Product 2173,594.97,Beauty
Product 2174,785.68,Tools
Product 2175,153.86,Clothing
Product 2176,695.19,Electronics
Product 2177,791.87,Garden
Product 2178,9.30,Sports
Product 2179,757.74,Toys
Product 2180,192.89,Tools
Product 2181,582.07,Electronics
Product 2182,964.71,Sports
Product 2183,139.12,Books
Product 2184,804.22,Beauty
Product 2185,683.61,Food
Product 2186,67.70,Garden
Product 2187,156.54,Clothing
Product 2188,173.06,Sports
Product 2189,387.46,Tools
Product 2190,572.51,Home
Product 2191,623.72,Clothing
Product 2192,454.13,Sports
Product 2193,649.95,Toys
Product 2194,713.01,Food
Product 2195,735.97,Electronics
Product 2196,125.42,Tools
Product 2197,628.81,Clothing
Product 2198,245.85,Beauty
Product 2199,588.37,Food
Product 2200,301.07,Toys
Product 2201,268.29,Toys
Product 2202,836.85,Food
Product 2203,530.39,Food
Product 2204,316.97,Sports
Product 2205,898.16,Garden
Product 2206,296.58,Books
Product 2207,529.55,Electronics
Product 2208,368.96,Garden
Product 2209,428.96,Home
Product 2210,191.87,Beauty
Product 2211,163.71,Sports
Product 2212,305.29,Sports
Product 2213,417.01,Clothing
Product 2214,263.71,Books
Product 2215,831.66,Toys
Product 2216,169.61,Toys
Product 2217,639.86,Food
Product 2218,651.79,Tools
Product 2219,141.61,Sports
Product 2220,143.75,Tools
Product 2221,357.70,Books
Product 2222,492.46,Electronics
Product 2223,911.68,Garden
Product 2224,317.00,Beauty
Product 2225,783.20,Toys
Product 2226,693.35,Garden
Product 2227,913.45,Beauty
Product 2228,49.40,Books
Product 2229,990.91,Books
Product 2230,365.21,Tools
Product 2231,757.55,Toys
Product 2232,669.94,Sports
Product 2233,81.01,Sports
Product 2234,68.88,Garden
Product 2235,798.48,Clothing
Product 2236,726.62,Tools
Product 2237,175.91,Electronics
Product 2238,560.25,Food
Product 2239,330.26,Home
Product 2240,483.73,Clothing
Product 2241,597.58,Sports
Product 2242,317.36,Sports
Product 2243,988.17,Toys
Product 2244,426.97,Sports
Product 2245,486.70,Electronics
Product 2246,641.90,Sports
Product 2247,989.93,Sports
Product 2248,161.94,Food
Product 2249,111.72,Home
Product 2250,994.29,Clothing
Product 2251,249.08,Toys
Product 2252,5.29,Books
Product 2253,707.80,Books
Product 2254,697.15,Sports
Product 2255,545.44,Sports
Product 2256,948.24,Clothing
Product 2257,346.46,Clothing
Product 2258,295.24,Sports
Product 2259,200.05,Garden
Product 2260,36.81,Tools
Product 2261,256.44,Tools
Product 2262,174.26,Books
Product 2263,175.55,Home
Product 2264,136.68,Clothing
Product 2265,448.32,Toys
Product 2266,60.04,Home
Product 2267,323.63,Clothing
Product 2268,351.28,Sports
Product 2269,401.58,Beauty
Product 2270,991.21,Books
Product 2271,277.36,Clothing
Product 2272,175.82,Sports
Product 2273,269.33,Clothing
Product 2274,839.00,Tools
Product 2275,33.89,Electronics
Product 2276,527.55,Garden
Product 2277,358.78,Tools
Product 2278,371.26,Clothing
Product 2279,495.88,Tools
Product 2280,649.04,Clothing
Product 2281,558.85,Home
Product 2282,81.40,Home
Product 2283,37.66,Tools
Product 2284,579.35,Toys
Product 2285,99.47,Toys
Product 2286,394.64,Beauty
Product 2287,854.93,Home
Product 2288,794.99,Tools
Product 2289,703.10,Books
Product 2290,173.69,Garden
Product 2291,566.27,Tools
Product 2292,576.26,Sports
Product 2293,407.95,Sports
Product 2294,369.42,Garden
Product 2295,664.37,Books
Product 2296,992.17,Clothing
Product 2297,65.33,Books
Product 2298,582.37,Beauty
Product 2299,269.30,Food
Product 2300,974.37,Electronics
Product 2301,411.91,Electronics
Product 2302,985.01,Garden
Product 2303,350.87,Home
Product 2304,82.47,Garden
Product 2305,985.34,Home
Product 2306,347.35,Beauty
Product 2307,666.42,Sports
Product 2308,369.95,Sports
Product 2309,605.78,Food
Product 2310,195.51,Sports
Product 2311,118.56,Food
Product 2312,79.56,Garden
Product 2313,283.73,Electronics
Product 2314,87.86,Clothing
Product 2315,82.88,Books
Product 2316,219.78,Home
Product 2317,189.99,Toys
Product 2318,195.46,Electronics
Product 2319,800.41,Books
Product 2320,539.68,Garden
Product 2321,913.80,Garden
Product 2322,264.51,Electronics
Product 2323,559.21,Books
Product 2324,838.69,Food
Product 2325,346.00,Food
Product 2326,992.62,Beauty
Product 2327,490.67,Clothing
Product 2328,632.97,Toys
Product 2329,78.36,Beauty
Product 2330,399.61,Tools
Product 2331,169.54,Home
Product 2332,615.61,Garden
Product 2333,982.86,Books
Product 2334,106.76,Beauty
Product 2335,885.76,Books
Product 2336,786.30,Clothing
Product 2337,723.15,Food
Product 2338,396.02,Home
Product 2339,218.78,Beauty
Product 2340,741.48,Beauty
Product 2341,900.91,Electronics
Product 2342,878.28,Electronics
Product 2343,266.97,Beauty
Product 2344,412.90,Toys
Product 2345,611.95,Electronics
Product 2346,790.87,Clothing
Product 2347,151.23,Tools
Product 2348,195.75,Toys
Product 2349,292.22,Books
Product 2350,351.58,Food
Product 2351,788.61,Clothing
Product 2352,817.83,Sports
Product 2353,985.83,Sports
Product 2354,746.52,Garden
Product 2355,902.79,Books
Product 2356,717.21,Electronics
Product 2357,224.18,Beauty
Product 2358,500.31,Home
Product 2359,466.01,Home
Product 2360,403.56,Electronics
Product 2361,326.16,Clothing
Product 2362,455.27,Toys
Product 2363,825.70,Garden
Product 2364,203.42,Electronics
Product 2365,909.63,Books
Product 2366,743.31,Electronics
Product 2367,943.58,Sports
Product 2368,310.12,Garden
Product 2369,862.34,Tools
Product 2370,638.60,Home
Product 2371,939.92,Electronics
Product 2372,518.63,Food
Product 2373,378.17,Beauty
Product 2374,292.97,Electronics
Product 2375,914.38,Clothing
Product 2376,43.54,Home
Product 2377,148.17,Sports
Product 2378,890.94,Garden
Product 2379,255.07,Food
Product 2380,24.81,Home
Product 2381,748.47,Books
Product 2382,647.86,Tools
Product 2383,484.24,Toys
Product 2384,667.98,Books
Product 2385,82.28,Sports
Product 2386,942.88,Electronics
Product 2387,969.23,Tools
Product 2388,836.36,Toys
Product 2389,848.83,Food
Product 2390,564.75,Electronics
Product 2391,836.85,Tools
Product 2392,285.49,Toys
Product 2393,415.25,Beauty
Product 2394,617.39,Beauty
Product 2395,488.82,Garden
Product 2396,614.78,Food
Product 2397,340.12,Clothing
Product 2398,237.13,Food
Product 2399,949.51,Sports
Product 2400,728.77,Toys
Product 2401,40.49,Toys
Product 2402,888.68,Electronics
Product 2403,761.08,Beauty
Product 2404,100.13,Garden
Product 2405,97.33,Books
Product 2406,879.94,Home
Product 2407,894.01,Home
Product 2408,629.25,Toys
Product 2409,410.25,Electronics
Product 2410,567.65,Garden
Product 2411,520.95,Electronics
Product 2412,748.35,Sports
Product 2413,875.84,Home
Product 2414,527.72,Clothing
Product 2415,992.82,Sports
Product 2416,720.16,Garden
Product 2417,791.59,Food
Product 2418,991.42,Home
Product 2419,386.21,Books
Product 2420,150.26,Clothing
Product 2421,393.96,Food
Product 2422,149.41,Books
Product 2423,929.14,Books
Product 2424,600.75,Home
Product 2425,822.56,Beauty
Product 2426,789.26,Garden
Product 2427,311.52,Garden
Product 2428,20.88,Clothing
Product 2429,441.72,Clothing
Product 2430,794.22,Garden
Product 2431,64.13,Sports
Product 2432,777.53,Tools
Product 2433,577.88,Clothing
Product 2434,69.42,Sports
Product 2435,382.47,Toys
Product 2436,584.86,Tools
Product 2437,31.74,Home
Product 2438,295.02,Toys
Product 2439,449.05,Garden
Product 2440,5.46,Toys
Product 2441,244.10,Home
Product 2442,176.28,Home
Product 2443,88.31,Home
Product 2444,399.81,Home
Product 2445,155.20,Home
Product 2446,127.42,Food
Product 2447,505.81,Electronics
Product 2448,602.46,Clothing
Product 2449,580.71,Clothing
Product 2450,614.71,Tools
Product 2451,990.83,Electronics
Product 2452,340.00,Garden
Product 2453,335.13,Tools
Product 2454,230.38,Toys
Product 2455,84.75,Sports
Product 2456,849.85,Beauty
Product 2457,141.31,Food
Product 2458,76.52,Food
Product 2459,571.08,Books
Product 2460,518.23,Home
Product 2461,786.77,Toys
Product 2462,346.62,Food
Product 2463,781.74,Clothing
Product 2464,978.63,Toys
Product 2465,670.76,Electronics
Product 2466,598.71,Beauty
Product 2467,609.30,Food
Product 2468,68.57,Home
Product 2469,921.24,Electronics
Product 2470,328.52,Home
Product 2471,999.65,Sports
Product 2472,263.96,Toys
Product 2473,571.22,Clothing
Product 2474,718.03,Beauty
Product 2475,621.58,Clothing
Product 2476,903.97,Garden
Product 2477,68.66,Tools
Product 2478,788.43,Beauty
Product 2479,608.41,Food
Product 2480,552.10,Home
Product 2481,122.02,Food
Product 2482,186.10,Food
Product 2483,509.16,Books
Product 2484,895.76,Clothing
Product 2485,446.83,Electronics
Product 2486,954.50,Toys
Product 2487,107.23,Sports
Product 2488,793.75,Sports
Product 2489,362.02,Electronics
Product 2490,833.57,Clothing
Product 2491,189.87,Clothing
Product 2492,194.12,Toys
Product 2493,61.54,Garden
Product 2494,306.14,Garden
Product 2495,382.17,Electronics
Product 2496,297.49,Clothing
Product 2497,439.27,Sports
Product 2498,706.51,Books
Product 2499,500.59,Garden
Product 2500,227.56,Books
Product 2501,285.80,Garden
Product 2502,57.83,Toys
Product 2503,321.57,Tools
Product 2504,770.66,Clothing
Product 2505,592.52,Food
Product 2506,815.82,Clothing
Product 2507,415.43,Beauty
Product 2508,30.28,Toys
Product 2509,566.83,Beauty
Product 2510,911.09,Home
Product 2511,905.27,Home
Product 2512,971.22,Sports
Product 2513,799.56,Toys
Product 2514,946.35,Home
Product 2515,549.48,Garden
Product 2516,367.34,Toys
Product 2517,266.71,Garden
Product 2518,495.29,Sports
Product 2519,18.34,Garden
Product 2520,622.64,Clothing
Product 2521,379.01,Garden
Product 2522,710.99,Sports
Product 2523,637.50,Electronics
Product 2524,103.16,Electronics
Product 2525,68.24,Home
Product 2526,985.64,Sports
Product 2527,916.10,Garden
Product 2528,758.85,Clothing
Product 2529,223.06,Garden
Product 2530,936.03,Tools
Product 2531,847.86,Toys
Product 2532,18.50,Books
Product 2533,117.86,Garden
Product 2534,11.97,Toys
Product 2535,465.44,Clothing
Product 2536,311.60,Home
Product 2537,500.92,Electronics
Product 2538,891.90,Books
Product 2539,164.53,Garden
Product 2540,48.69,Beauty
Product 2541,500.43,Garden
Product 2542,362.28,Beauty
Product 2543,824.56,Home
Product 2544,759.58,Clothing
Product 2545,679.46,Electronics
Product 2546,850.11,Books
Product 2547,191.99,Garden
Product 2548,88.71,Home
Product 2549,468.06,Beauty
Product 2550,397.89,Sports
Product 2551,270.38,Clothing
Product 2552,75.55,Clothing
Product 2553,853.60,Sports
Product 2554,894.33,Home
Product 2555,829.73,Books
Product 2556,323.79,Books
Product 2557,567.35,Home
Product 2558,153.66,Electronics
Product 2559,999.57,Home
Product 2560,480.17,Beauty
Product 2561,221.68,Garden
Product 2562,82.78,Garden
Product 2563,133.27,Electronics
Product 2564,615.10,Tools
Product 2565,679.78,Garden
Product 2566,726.24,Home
Product 2567,537.45,Tools
Product 2568,645.63,Home
Product 2569,874.30,Tools
Product 2570,239.82,Beauty
Product 2571,665.12,Home
Product 2572,820.24,Food
Product 2573,227.64,Food
Product 2574,663.20,Tools
Product 2575,551.78,Toys
Product 2576,542.21,Home
Product 2577,983.93,Garden
Product 2578,713.75,Clothing
Product 2579,62.78,Books
Product 2580,603.75,Tools
Product 2581,292.15,Sports
Product 2582,957.68,Tools
Product 2583,631.85,Electronics
Product 2584,604.42,Food
Product 2585,153.14,Clothing
Product 2586,799.54,Clothing
Product 2587,570.95,Home
Product 2588,58.34,Beauty
Product 2589,673.20,Clothing
Product 2590,835.18,Electronics
Product 2591,112.60,Food
Product 2592,647.97,Home
Product 2593,11.72,Toys
Product 2594,92.76,Toys
Product 2595,608.97,Beauty
Product 2596,858.21,Food
Product 2597,816.69,Garden
Product 2598,455.42,Garden
Product 2599,918.73,Tools
Product 2600,475.46,Tools
Product 2601,820.30,Books
Product 2602,662.41,Food
Product 2603,348.54,Food
Product 2604,610.66,Electronics
Product 2605,25.81,Garden
Product 2606,311.05,Clothing
Product 2607,626.39,Home
Product 2608,685.81,Electronics
Product 2609,872.24,Food
Product 2610,24.69,Tools
Product 2611,160.37,Clothing
Product 2612,586.15,Electronics
Product 2613,330.18,Electronics
Product 2614,542.57,Home
Product 2615,276.79,Electronics
Product 2616,500.40,Tools
Product 2617,367.91,Tools
Product 2618,311.63,Beauty
Product 2619,537.62,Books
Product 2620,69.90,Beauty
Product 2621,222.95,Garden
Product 2622,875.18,Toys
Product 2623,378.92,Food
Product 2624,518.19,Garden
Product 2625,368.91,Toys
Product 2626,504.68,Sports
Product 2627,726.81,Beauty
Product 2628,884.61,Clothing
Product 2629,957.70,Clothing
Product 2630,235.58,Garden
Product 2631,27.94,Food
Product 2632,143.32,Food
Product 2633,287.41,Garden
Product 2634,607.29,Home
Product 2635,731.40,Electronics
Product 2636,556.99,Beauty
Product 2637,764.53,Electronics
Product 2638,781.81,Sports
Product 2639,183.76,Electronics
Product 2640,163.66,Tools
Product 2641,528.68,Beauty
Product 2642,742.08,Clothing
Product 2643,77.28,Tools
Product 2644,899.18,Books
Product 2645,952.82,Clothing
Product 2646,889.60,Sports
Product 2647,35.93,Clothing
Product 2648,557.64,Tools
Product 2649,12.20,Electronics
Product 2650,593.73,Garden
Product 2651,607.25,Toys
Product 2652,551.53,Food
Product 2653,350.12,Food
Product 2654,604.84,Garden
Product 2655,80.77,Electronics
Product 2656,7.57,Home
Product 2657,6.32,Books
Product 2658,505.31,Sports
Product 2659,326.86,Toys
Product 2660,132.13,Garden
Product 2661,736.50,Garden
Product 2662,833.37,Beauty
Product 2663,705.16,Home
Product 2664,707.30,Clothing
Product 2665,779.37,Books
Product 2666,155.74,Tools
Product 2667,38.40,Electronics
Product 2668,272.03,Clothing
Product 2669,947.84,Home
Product 2670,894.24,Sports
Product 2671,687.20,Sports
Product 2672,772.59,Food
Product 2673,552.84,Tools
Product 2674,633.05,Tools
Product 2675,581.38,Tools
Product 2676,689.49,Home
Product 2677,156.44,Garden
Product 2678,617.33,Clothing
Product 2679,657.95,Home
Product 2680,7.68,Food
Product 2681,761.90,Garden
Product 2682,632.30,Sports
Product 2683,570.38,Tools
Product 2684,880.91,Food
Product 2685,664.14,Toys
Product 2686,393.54,Electronics
Product 2687,279.51,Books
Product 2688,191.02,Sports
Product 2689,637.47,Beauty
Product 2690,411.68,Sports
Product 2691,841.75,Sports
Product 2692,890.04,Garden
Product 2693,417.55,Beauty
Product 2694,723.04,Books
Product 2695,635.28,Garden
Product 2696,742.66,Garden
Product 2697,288.16,Beauty
Product 2698,642.37,Toys
Product 2699,928.02,Tools
Product 2700,569.99,Clothing
Product 2701,452.57,Home
Product 2702,48.29,Food
Product 2703,917.19,Books
Product 2704,934.54,Beauty
Product 2705,682.37,Tools
Product 2706,255.81,Garden
Product 2707,74.38,Garden
Product 2708,684.59,Beauty
Product 2709,868.89,Sports
Product 2710,276.88,Electronics
Product 2711,348.49,Home
Product 2712,150.38,Books
Product 2713,91.91,Food
Product 2714,112.14,Tools
Product 2715,376.34,Food
Product 2716,854.81,Toys
Product 2717,358.55,Clothing
Product 2718,297.83,Beauty
Product 2719,314.48,Home
Product 2720,96.20,Toys
Product 2721,755.37,Books
Product 2722,719.59,Clothing
Product 2723,483.41,Toys
Product 2724,166.73,Books
Product 2725,537.08,Toys
Product 2726,686.19,Home
Product 2727,749.63,Home
Product 2728,520.59,Tools
Product 2729,44.20,Toys
Product 2730,696.67,Garden
Product 2731,242.97,Sports
Product 2732,482.72,Food
Product 2733,366.69,Home
Product 2734,47.09,Beauty
Product 2735,154.79,Beauty
Product 2736,254.47,Home
Product 2737,376.55,Books
Product 2738,6.83,Sports
Product 2739,413.59,Home
Product 2740,55.03,Beauty
Product 2741,326.49,Tools
Product 2742,314.04,Beauty
Product 2743,83.42,Tools
Product 2744,917.73,Tools
Product 2745,224.09,Clothing
Product 2746,400.52,Books
Product 2747,653.27,Tools
Product 2748,733.40,Books
Product 2749,869.65,Tools
Product 2750,657.60,Tools
Product 2751,517.87,Tools
Product 2752,793.68,Garden
Product 2753,419.31,Clothing
Product 2754,348.51,Clothing
Product 2755,567.69,Toys
Product 2756,7.28,Sports
Product 2757,814.49,Books
Product 2758,756.32,Toys
Product 2759,917.47,Tools
Product 2760,143.92,Beauty
Product 2761,222.39,Toys
Product 2762,613.39,Clothing
Product 2763,195.54,Beauty
Product 2764,886.43,Toys
Product 2765,624.18,Food
Product 2766,365.70,Sports
Product 2767,334.51,Garden
Product 2768,110.74,Toys
Product 2769,532.33,Garden
Product 2770,183.18,Electronics
Product 2771,862.07,Books
Product 2772,148.80,Garden
Product 2773,586.60,Home
Product 2774,98.89,Sports
Product 2775,734.14,Food
Product 2776,209.09,Food
Product 2777,195.09,Electronics
Product 2778,511.51,Home
Product 2779,406.03,Electronics
Product 2780,260.50,Home
Product 2781,886.03,Toys
Product 2782,557.87,Garden
Product 2783,655.41,Books
Product 2784,293.36,Beauty
Product 2785,247.76,Food
Product 2786,97.81,Home
Product 2787,601.97,Sports
Product 2788,361.76,Books
Product 2789,426.86,Books
Product 2790,214.18,Electronics
Product 2791,398.85,Home
Product 2792,131.81,Home
Product 2793,222.64,Electronics
Product 2794,553.05,Beauty
Product 2795,374.62,Electronics
Product 2796,830.55,Home
Product 2797,150.52,Beauty
Product 2798,964.01,Books
Product 2799,572.42,Sports
Product 2800,546.57,Books
Product 2801,668.73,Beauty
Product 2802,483.39,Books
Product 2803,431.34,Food
Product 2804,978.93,Clothing
Product 2805,701.13,Home
Product 2806,873.37,Home
Product 2807,954.16,Beauty
Product 2808,941.48,Electronics
Product 2809,33.20,Books
Product 2810,507.25,Electronics
Product 2811,593.99,Beauty
Product 2812,162.24,Beauty
Product 2813,747.43,Beauty
Product 2814,541.33,Food
Product 2815,424.79,Tools
Product 2816,579.21,Garden
Product 2817,77.77,Beauty
Product 2818,692.26,Books
Product 2819,57.57,Garden
Product 2820,537.93,Books
Product 2821,139.39,Clothing
Product 2822,882.57,Electronics
Product 2823,967.77,Food
Product 2824,344.28,Books
Product 2825,234.32,Food
Product 2826,216.43,Beauty
Product 2827,749.15,Books
Product 2828,628.69,Beauty
Product 2829,175.20,Tools
Product 2830,130.56,Food
Product 2831,208.90,Clothing
Product 2832,611.84,Home
Product 2833,759.05,Sports
Product 2834,251.05,Sports
Product 2835,468.75,Toys
Product 2836,945.22,Books
Product 2837,104.62,Toys
Product 2838,87.21,Food
Product 2839,752.34,Beauty
Product 2840,604.38,Electronics
Product 2841,809.90,Electronics
Product 2842,911.65,Sports
Product 2843,756.23,Tools
Product 2844,955.78,Beauty
Product 2845,871.04,Home
Product 2846,195.42,Books
Product 2847,79.55,Beauty
Product 2848,567.58,Books
Product 2849,317.19,Toys
Product 2850,348.86,Food
Product 2851,348.10,Home
Product 2852,41.61,Clothing
Product 2853,98.68,Beauty
Product 2854,40.84,Books
Product 2855,996.54,Garden
Product 2856,69.56,Garden
Product 2857,216.98,Toys
Product 2858,344.18,Garden
Product 2859,55.40,Food
Product 2860,796.60,Beauty
Product 2861,53.62,Toys
Product 2862,642.98,Electronics
Product 2863,605.11,Home
Product 2864,836.44,Clothing
Product 2865,444.54,Sports
Product 2866,277.22,Sports
Product 2867,851.08,Electronics
Product 2868,326.59,Home
Product 2869,734.02,Home
Product 2870,635.95,Sports
Product 2871,143.24,Beauty
Product 2872,844.85,Food
Product 2873,976.59,Clothing
Product 2874,903.50,Books
Product 2875,10.26,Toys
Product 2876,394.36,Home
Product 2877,672.28,Books
Product 2878,987.35,Garden
Product 2879,78.25,Clothing
Product 2880,135.37,Beauty
Product 2881,818.96,Books
Product 2882,366.67,Home
Product 2883,463.94,Sports
Product 2884,764.72,Books
Product 2885,381.32,Toys
Product 2886,716.70,Toys
Product 2887,184.27,Clothing
Product 2888,841.50,Books
Product 2889,522.04,Beauty
Product 2890,485.86,Home
Product 2891,22.73,Garden
Product 2892,376.24,Home
Product 2893,994.04,Books
Product 2894,937.41,Clothing
Product 2895,703.77,Garden
Product 2896,865.15,Garden
Product 2897,431.95,Home
Product 2898,694.67,Books
Product 2899,489.75,Electronics
Product 2900,442.01,Sports
Product 2901,140.29,Toys
Product 2902,855.55,Home
Product 2903,891.78,Electronics
Product 2904,498.55,Garden
Product 2905,390.35,Sports
Product 2906,244.32,Home
Product 2907,739.60,Clothing
Product 2908,73.54,Home
Product 2909,845.94,Food
Product 2910,179.97,Books
Product 2911,549.26,Tools
Product 2912,527.84,Books
Product 2913,281.77,Food
Product 2914,105.16,Clothing
Product 2915,592.64,Tools
Product 2916,765.03,Toys
Product 2917,70.57,Home
Product 2918,64.91,Clothing
Product 2919,259.81,Clothing
Product 2920,432.82,Food
Product 2921,55.46,Food
Product 2922,264.70,Toys
Product 2923,546.17,Books
Product 2924,366.13,Tools
Product 2925,810.83,Garden
Product 2926,532.92,Garden
Product 2927,776.81,Garden
Product 2928,437.84,Garden
Product 2929,451.25,Toys
Product 2930,230.87,Beauty
Product 2931,986.93,Food
Product 2932,586.04,Food
Product 2933,319.87,Tools
Product 2934,424.67,Toys
Product 2935,656.28,Sports
Product 2936,471.21,Home
Product 2937,184.16,Tools
Product 2938,232.26,Garden
Product 2939,784.09,Electronics
Product 2940,56.26,Sports
Product 2941,75.19,Garden
Product 2942,138.15,Garden
Product 2943,779.79,Home
Product 2944,665.31,Garden
Product 2945,653.30,Books
Product 2946,658.74,Garden
Product 2947,735.03,Electronics
Product 2948,475.53,Food
Product 2949,115.49,Beauty
Product 2950,210.62,Garden
Product 2951,720.22,Clothing
Product 2952,251.89,Tools
Product 2953,401.64,Sports
Product 2954,476.13,Food
Product 2955,584.87,Home
Product 2956,725.32,Home
Product 2957,289.10,Food
Product 2958,201.10,Books
Product 2959,827.61,Beauty
Product 2960,927.85,Toys
Product 2961,698.03,Books
Product 2962,157.86,Food
Product 2963,470.18,Tools
Product 2964,197.94,Toys
Product 2965,13.05,Food
Product 2966,13.98,Beauty
Product 2967,672.70,Books
Product 2968,782.16,Clothing
Product 2969,412.19,Beauty
Product 2970,893.38,Toys
Product 2971,950.31,Beauty
Product 2972,152.65,Books
Product 2973,220.41,Sports
Product 2974,54.91,Garden
Product 2975,937.02,Books
Product 2976,194.42,Food
Product 2977,156.64,Home
Product 2978,292.53,Clothing
Product 2979,758.04,Toys
Product 2980,148.48,Garden
Product 2981,132.98,Tools
Product 2982,434.30,Tools
Product 2983,992.62,Beauty
Product 2984,204.62,Sports
Product 2985,901.02,Beauty
Product 2986,158.28,Electronics
Product 2987,197.99,Electronics
Product 2988,269.28,Sports
Product 2989,756.03,Books
Product 2990,403.80,Electronics
Product 2991,152.27,Electronics
Product 2992,217.53,Books
Product 2993,994.48,Books
Product 2994,175.09,Books
Product 2995,396.82,Books
Product 2996,137.24,Food
Product 2997,48.04,Home
Product 2998,917.65,Home
Product 2999,8.38,Books
Product 3000,401.96,Food
Product 3001,116.57,Food
Product 3002,869.92,Tools
Product 3003,100.56,Beauty
Product 3004,42.14,Electronics
Product 3005,394.48,Home
Product 3006,400.07,Tools
Product 3007,479.81,Books
Product 3008,794.60,Books
Product 3009,160.47,Beauty
Product 3010,590.94,Clothing
Product 3011,568.78,Clothing
Product 3012,422.85,Electronics
Product 3013,248.18,Beauty
Product 3014,565.73,Home
Product 3015,967.15,Toys
Product 3016,760.55,Books
Product 3017,745.54,Sports
Product 3018,266.69,Sports
Product 3019,843.04,Clothing
Product 3020,895.66,Food
Product 3021,164.06,Tools
Product 3022,656.38,Home
Product 3023,167.05,Food
Product 3024,863.49,Food
Product 3025,364.09,Garden
Product 3026,118.14,Electronics
Product 3027,865.87,Books
Product 3028,932.47,Garden
Product 3029,611.77,Sports
Product 3030,968.14,Sports
Product 3031,436.47,Toys
Product 3032,194.20,Toys
Product 3033,697.50,Home
Product 3034,553.27,Books
Product 3035,654.11,Sports
Product 3036,589.88,Sports
Product 3037,581.97,Clothing
Product 3038,579.67,Home
Product 3039,372.79,Toys
Product 3040,520.62,Tools
Product 3041,175.23,Clothing
Product 3042,479.89,Toys
Product 3043,874.67,Home
Product 3044,433.10,Electronics
Product 3045,861.16,Sports
Product 3046,141.95,Toys
Product 3047,618.02,Sports
Product 3048,839.97,Garden
Product 3049,72.77,Garden
Product 3050,525.57,Tools
Product 3051,665.72,Clothing
Product 3052,286.87,Food
Product 3053,567.76,Toys
Product 3054,422.19,Toys
Product 3055,316.43,Toys
Product 3056,107.06,Electronics
Product 3057,929.97,Books
Product 3058,748.22,Books
Product 3059,62.12,Electronics
Product 3060,232.94,Tools
Product 3061,727.46,Garden
Product 3062,615.88,Beauty
Product 3063,519.60,Clothing
Product 3064,7.13,Electronics
Product 3065,869.37,Beauty
Product 3066,25.11,Home
Product 3067,564.98,Books
Product 3068,167.83,Sports
Product 3069,879.87,Clothing
Product 3070,939.84,Books
Product 3071,513.69,Food
Product 3072,165.87,Toys
Product 3073,542.05,Sports
Product 3074,645.88,Food
Product 3075,780.36,Home
Product 3076,71.19,Electronics
Product 3077,411.78,Toys
Product 3078,809.04,Toys
Product 3079,905.55,Food
Product 3080,896.52,Home
Product 3081,222.72,Home
Product 3082,55.29,Tools
Product 3083,866.22,Beauty
Product 3084,591.54,Tools
Product 3085,233.24,Books
Product 3086,689.25,Tools
Product 3087,501.21,Clothing
Product 3088,915.99,Home
Product 3089,211.98,Sports
Product 3090,330.37,Garden
Product 3091,978.82,Garden
Product 3092,456.03,Electronics
Product 3093,624.75,Toys
Product 3094,721.21,Toys
Product 3095,776.44,Toys
Product 3096,817.00,Clothing
Product 3097,524.80,Garden
Product 3098,198.10,Toys
Product 3099,302.30,Books
Product 3100,974.14,Clothing
Product 3101,854.04,Sports
Product 3102,189.47,Food
Product 3103,242.91,Home
Product 3104,451.84,Clothing
Product 3105,962.07,Clothing
Product 3106,402.95,Sports
Product 3107,781.09,Clothing
Product 3108,909.89,Tools
Product 3109,210.90,Clothing
Product 3110,778.11,Food
Product 3111,399.75,Beauty
Product 3112,48.24,Garden
Product 3113,267.68,Food
Product 3114,361.14,Tools
Product 3115,621.42,Books
Product 3116,560.14,Electronics
Product 3117,285.59,Garden
Product 3118,303.80,Food
Product 3119,119.21,Sports
Product 3120,91.96,Home
Product 3121,320.51,Home
Product 3122,100.49,Food
Product 3123,809.32,Clothing
Product 3124,999.15,Toys
Product 3125,665.17,Tools
Product 3126,435.91,Toys
Product 3127,26.55,Toys
Product 3128,782.29,Clothing
Product 3129,526.10,Tools
Product 3130,936.03,Toys
Product 3131,714.97,Sports
Product 3132,65.79,Garden
Product 3133,794.01,Garden
Product 3134,699.98,Home
Product 3135,118.26,Home
Product 3136,12.10,Garden
Product 3137,30.05,Home
Product 3138,306.12,Food
Product 3139,813.49,Tools
Product 3140,859.52,Sports
Product 3141,566.26,Food
Product 3142,587.80,Sports
Product 3143,397.19,Toys
Product 3144,791.50,Beauty
Product 3145,310.00,Tools
Product 3146,570.82,Toys
Product 3147,244.34,Sports
Product 3148,625.38,Home
Product 3149,731.65,Books
Product 3150,711.01,Sports
Product 3151,76.67,Tools
Product 3152,918.11,Home
Product 3153,615.02,Food
Product 3154,652.00,Toys
Product 3155,820.79,Garden
Product 3156,271.36,Electronics
Product 3157,966.98,Garden
Product 3158,788.00,Home
Product 3159,194.06,Home
Product 3160,545.22,Food
Product 3161,952.04,Food
Product 3162,829.06,Sports
Product 3163,471.56,Sports
Product 3164,773.65,Sports
Product 3165,258.98,Home
Product 3166,473.13,Books
Product 3167,383.02,Books
Product 3168,422.47,Home
Product 3169,482.84,Books
Product 3170,381.94,Sports
Product 3171,336.19,Beauty
Product 3172,759.51,Food
Product 3173,484.63,Toys
Product 3174,54.53,Sports
Product 3175,772.57,Garden
Product 3176,633.17,Food
Product 3177,588.00,Garden
Product 3178,99.88,Books
Product 3179,511.32,Tools
Product 3180,465.47,Electronics
Product 3181,947.85,Food
Product 3182,131.73,Garden
Product 3183,81.72,Tools
Product 3184,935.49,Food
Product 3185,344.11,Food
Product 3186,279.96,Food
Product 3187,217.89,Tools
Product 3188,283.16,Garden
Product 3189,570.57,Clothing
Product 3190,678.81,Sports
Product 3191,87.01,Beauty
Product 3192,534.36,Sports
Product 3193,921.68,Toys
Product 3194,657.49,Sports
Product 3195,13.42,Tools
Product 3196,95.77,Books
Product 3197,273.75,Beauty
Product 3198,339.53,Clothing
Product 3199,351.81,Food
Product 3200,788.53,Food
Product 3201,381.92,Toys
Product 3202,94.49,Home
Product 3203,675.96,Sports
Product 3204,460.00,Garden
Product 3205,928.76,Books
Product 3206,367.02,Toys
Product 3207,34.30,Garden
Product 3208,512.88,Clothing
Product 3209,242.56,Tools
Product 3210,352.04,Beauty
Product 3211,239.91,Garden
Product 3212,686.88,Tools
Product 3213,714.86,Beauty
Product 3214,710.30,Food
Product 3215,832.44,Tools
Product 3216,221.00,Toys
Product 3217,187.11,Electronics
Product 3218,932.56,Electronics
Product 3219,102.13,Sports
Product 3220,349.43,Home
Product 3221,142.67,Sports
Product 3222,834.79,Garden
Product 3223,973.76,Toys
Product 3224,601.51,Books
Product 3225,192.32,Tools
Product 3226,125.89,Food
Product 3227,974.25,Clothing
Product 3228,642.98,Home
Product 3229,148.05,Tools
Product 3230,513.09,Clothing
Product 3231,800.55,Toys
Product 3232,440.77,Clothing
Product 3233,262.70,Toys
Product 3234,317.35,Books
Product 3235,702.38,Beauty
Product 3236,204.54,Toys
Product 3237,497.34,Sports
Product 3238,521.87,Books
Product 3239,69.34,Toys
Product 3240,116.29,Home
Product 3241,417.23,Sports
Product 3242,234.00,Clothing
Product 3243,958.89,Garden
Product 3244,740.55,Garden
Product 3245,246.39,Tools
Product 3246,964.27,Sports
Product 3247,636.98,Beauty
Product 3248,466.63,Garden
Product 3249,629.01,Tools
Product 3250,264.87,Home
Product 3251,290.02,Toys
Product 3252,233.15,Beauty
Product 3253,673.05,Food
Product 3254,635.87,Beauty
Product 3255,772.23,Toys
Product 3256,452.77,Books
Product 3257,634.32,Beauty
Product 3258,328.15,Tools
Product 3259,598.06,Tools
Product 3260,739.91,Clothing
Product 3261,394.24,Clothing
Product 3262,325.31,Tools
Product 3263,944.91,Beauty
Product 3264,561.64,Clothing
Product 3265,762.08,Books
Product 3266,571.85,Food
Product 3267,802.58,Home
Product 3268,188.22,Sports
Product 3269,316.47,Food
Product 3270,387.93,Books
Product 3271,159.53,Toys
Product 3272,252.41,Electronics
Product 3273,396.79,Toys
Product 3274,732.96,Garden
Product 3275,702.09,Sports
Product 3276,662.88,Food
Product 3277,947.40,Beauty
Product 3278,999.92,Sports
Product 3279,33.90,Electronics
Product 3280,191.08,Sports
Product 3281,843.71,Toys
Product 3282,33.96,Home
Product 3283,161.06,Food
Product 3284,991.04,Clothing
Product 3285,195.34,Home
Product 3286,876.50,Garden
Product 3287,57.06,Sports
Product 3288,865.41,Books
Product 3289,920.99,Books
Product 3290,137.78,Home
Product 3291,864.57,Sports
Product 3292,177.42,Sports
Product 3293,159.78,Home
Product 3294,798.06,Clothing
Product 3295,559.13,Food
Product 3296,954.94,Books
Product 3297,403.54,Garden
Product 3298,369.63,Books
Product 3299,953.81,Toys
Product 3300,369.58,Toys
Product 3301,815.56,Home
Product 3302,677.23,Tools
Product 3303,174.43,Clothing
Product 3304,396.36,Garden
Product 3305,51.07,Sports
Product 3306,507.28,Beauty
Product 3307,92.37,Sports
Product 3308,687.37,Toys
Product 3309,127.75,Clothing
Product 3310,459.06,Tools
Product 3311,797.92,Books
Product 3312,189.23,Toys
Product 3313,822.09,Beauty
Product 3314,670.99,Food
Product 3315,573.33,Garden
Product 3316,444.48,Electronics
Product 3317,869.21,Electronics
Product 3318,444.32,Home
Product 3319,655.71,Clothing
Product 3320,822.61,Toys
Product 3321,950.19,Home
Product 3322,459.10,Clothing
Product 3323,800.60,Food
Product 3324,986.76,Clothing
Product 3325,813.11,Food
Product 3326,424.41,Beauty
Product 3327,739.96,Tools
Product 3328,575.81,Toys
Product 3329,281.87,Tools
Product 3330,652.96,Electronics
Product 3331,551.84,Beauty
Product 3332,728.52,Clothing
Product 3333,887.10,Garden
Product 3334,615.35,Tools
Product 3335,345.57,Toys
Product 3336,353.22,Tools
Product 3337,582.76,Beauty
Product 3338,279.78,Tools
Product 3339,839.97,Sports
Product 3340,900.86,Beauty
Product 3341,22.54,Clothing
Product 3342,484.78,Toys
Product 3343,792.63,Clothing
Product 3344,559.53,Sports
Product 3345,540.34,Books
Product 3346,259.43,Toys
Product 3347,140.44,Garden
Product 3348,858.49,Books
Product 3349,485.63,Tools
Product 3350,123.73,Clothing
Product 3351,713.82,Beauty
Product 3352,444.26,Electronics
Product 3353,386.71,Toys
Product 3354,267.26,Clothing
Product 3355,41.07,Food
Product 3356,114.85,Toys
Product 3357,902.57,Home
Product 3358,163.05,Books
Product 3359,282.79,Garden
Product 3360,777.15,Toys
Product 3361,86.26,Garden
Product 3362,942.94,Electronics
Product 3363,973.45,Toys
Product 3364,185.20,Tools
Product 3365,682.86,Tools
Product 3366,269.48,Home
Product 3367,894.05,Beauty
Product 3368,443.16,Tools
Product 3369,830.92,Food
Product 3370,647.24,Tools
Product 3371,302.93,Home
Product 3372,458.44,Books
Product 3373,496.17,Beauty
Product 3374,640.89,Tools
Product 3375,279.37,Clothing
Product 3376,625.31,Electronics
Product 3377,322.34,Sports
Product 3378,417.20,Garden
Product 3379,29.83,Sports
Product 3380,340.19,Beauty
Product 3381,829.94,Books
Product 3382,764.40,Books
Product 3383,807.19,Toys
Product 3384,687.11,Garden
Product 3385,828.18,Tools
Product 3386,49.07,Sports
Product 3387,44.27,Garden
Product 3388,808.42,Electronics
Product 3389,722.06,Books
Product 3390,253.70,Beauty
Product 3391,440.15,Garden
Product 3392,985.27,Toys
Product 3393,137.92,Food
Product 3394,639.24,Food
Product 3395,864.48,Sports
Product 3396,397.78,Books
Product 3397,393.10,Toys
Product 3398,264.38,Food
Product 3399,872.23,Garden
Product 3400,720.12,Books
Product 3401,897.55,Tools
Product 3402,741.98,Garden
Product 3403,304.51,Sports
Product 3404,579.76,Toys
Product 3405,12.42,Beauty
Product 3406,240.29,Books
Product 3407,89.93,Sports
Product 3408,626.37,Electronics
Product 3409,857.41,Tools
Product 3410,879.44,Toys
Product 3411,541.11,Tools
Product 3412,495.63,Sports
Product 3413,507.68,Sports
Product 3414,797.65,Clothing
Product 3415,811.48,Food
Product 3416,711.87,Tools
Product 3417,602.58,Clothing
Product 3418,165.23,Tools
Product 3419,481.19,Books
Product 3420,519.07,Tools
Product 3421,307.51,Electronics
Product 3422,389.83,Garden
Product 3423,190.59,Beauty
Product 3424,672.51,Beauty
Product 3425,105.93,Sports
Product 3426,792.83,Beauty
Product 3427,729.06,Toys
Product 3428,492.89,Garden
Product 3429,417.71,Toys
Product 3430,76.34,Home
Product 3431,551.78,Clothing
Product 3432,154.58,Toys
Product 3433,304.60,Toys
Product 3434,615.45,Clothing
Product 3435,769.33,Beauty
Product 3436,582.07,Food
Product 3437,820.34,Beauty
Product 3438,855.28,Electronics
Product 3439,970.04,Electronics
Product 3440,117.38,Sports
Product 3441,444.97,Food
Product 3442,178.84,Beauty
Product 3443,338.25,Electronics
Product 3444,772.98,Garden
Product 3445,690.70,Books
Product 3446,355.77,Books
Product 3447,901.96,Clothing
Product 3448,128.99,Beauty
Product 3449,571.62,Sports
Product 3450,928.75,Books
Product 3451,396.79,Garden
Product 3452,204.67,Food
Product 3453,794.00,Tools
Product 3454,521.67,Beauty
Product 3455,240.33,Sports
Product 3456,782.17,Sports
Product 3457,28.28,Sports
Product 3458,708.64,Home
Product 3459,5.92,Clothing
Product 3460,121.17,Clothing
Product 3461,999.39,Food
Product 3462,270.34,Food
Product 3463,49.74,Toys
Product 3464,928.81,Garden
Product 3465,189.62,Food
Product 3466,155.35,Garden
Product 3467,67.99,Clothing
Product 3468,861.42,Tools
Product 3469,484.13,Beauty
Product 3470,129.41,Food
Product 3471,363.68,Home
Product 3472,644.32,Home
Product 3473,101.31,Toys
Product 3474,966.89,Tools
Product 3475,782.54,Electronics
Product 3476,711.99,Sports
Product 3477,704.17,Toys
Product 3478,706.79,Food
Product 3479,829.46,Books
Product 3480,642.55,Books
Product 3481,512.90,Home
Product 3482,911.66,Electronics
Product 3483,183.91,Clothing
Product 3484,351.18,Food
Product 3485,706.07,Beauty
Product 3486,395.60,Books
Product 3487,783.17,Electronics
Product 3488,937.75,Food
Product 3489,215.17,Clothing
Product 3490,112.64,Beauty
Product 3491,218.29,Beauty
Product 3492,372.37,Home
Product 3493,170.43,Tools
Product 3494,63.90,Electronics
Product 3495,854.77,Home
Product 3496,782.89,Food
Product 3497,108.14,Clothing
Product 3498,750.95,Toys
Product 3499,981.87,Toys
Product 3500,208.81,Tools
Product 3501,482.83,Home
Product 3502,522.16,Home
Product 3503,833.59,Books
Product 3504,380.27,Tools
Product 3505,154.81,Home
Product 3506,569.96,Toys
Product 3507,19.55,Garden
Product 3508,689.90,Home
Product 3509,564.01,Beauty
Product 3510,828.01,Sports
Product 3511,77.87,Beauty
Product 3512,960.77,Garden
Product 3513,188.23,Garden
Product 3514,163.23,Garden
Product 3515,307.52,Beauty
Product 3516,799.17,Electronics
Product 3517,228.80,Electronics
Product 3518,795.58,Garden
Product 3519,698.07,Food
Product 3520,607.46,Books
Product 3521,357.20,Sports
Product 3522,26.04,Books
Product 3523,953.33,Garden
Product 3524,92.26,Beauty
Product 3525,659.69,Sports
Product 3526,295.96,Books
Product 3527,603.00,Food
Product 3528,199.49,Electronics
Product 3529,445.26,Food
Product 3530,996.17,Clothing
Product 3531,552.65,Home
Product 3532,199.15,Beauty
Product 3533,491.44,Books
Product 3534,591.62,Sports
Product 3535,826.55,Home
Product 3536,932.08,Tools
Product 3537,852.70,Garden
Product 3538,649.00,Garden
Product 3539,993.89,Garden
Product 3540,439.77,Food
Product 3541,84.60,Electronics
Product 3542,454.42,Sports
Product 3543,204.11,Garden
Product 3544,627.25,Electronics
Product 3545,621.53,Food
Product 3546,927.74,Home
Product 3547,451.94,Clothing
Product 3548,446.56,Food
Product 3549,50.08,Home
Product 3550,380.72,Home
Product 3551,434.00,Garden
Product 3552,784.88,Tools
Product 3553,860.96,Books
Product 3554,474.39,Home
Product 3555,225.80,Beauty
Product 3556,557.35,Electronics
Product 3557,155.67,Home
Product 3558,428.05,Tools
Product 3559,984.99,Tools
Product 3560,413.30,Electronics
Product 3561,158.87,Sports
Product 3562,457.30,Sports
Product 3563,408.25,Sports
Product 3564,646.74,Tools
Product 3565,554.25,Sports
Product 3566,759.06,Home
Product 3567,700.83,Sports
Product 3568,80.53,Food
Product 3569,148.44,Clothing
Product 3570,641.48,Beauty
Product 3571,750.72,Home
Product 3572,394.56,Toys
Product 3573,800.05,Toys
Product 3574,928.73,Toys
Product 3575,50.26,Food
Product 3576,482.32,Toys
Product 3577,905.58,Beauty
Product 3578,885.78,Toys
Product 3579,247.40,Tools
Product 3580,781.90,Toys
Product 3581,108.66,Tools
Product 3582,55.68,Beauty
Product 3583,177.25,Food
Product 3584,476.38,Books
Product 3585,264.93,Food
Product 3586,193.84,Tools
Product 3587,924.82,Clothing
Product 3588,857.94,Books
Product 3589,373.69,Sports
Product 3590,110.27,Beauty
Product 3591,751.65,Garden
Product 3592,200.19,Food
Product 3593,331.96,Tools
Product 3594,389.88,Garden
Product 3595,818.79,Tools
Product 3596,514.89,Books
Product 3597,988.93,Beauty
Product 3598,332.27,Garden
Product 3599,163.39,Electronics
Product 3600,314.72,Clothing
Product 3601,138.55,Tools
Product 3602,356.96,Tools
Product 3603,492.34,Home
Product 3604,90.49,Toys
Product 3605,714.34,Electronics
Product 3606,620.11,Food
Product 3607,34.37,Beauty
Product 3608,526.68,Sports
Product 3609,435.98,Tools
Product 3610,692.23,Electronics
Product 3611,954.80,Garden
Product 3612,643.08,Home
Product 3613,542.25,Sports
Product 3614,820.52,Clothing
Product 3615,421.65,Garden
Product 3616,444.72,Food
Product 3617,549.35,Tools
Product 3618,136.71,Electronics
Product 3619,474.29,Books
Product 3620,201.02,Tools
Product 3621,91.67,Electronics
Product 3622,683.87,Clothing
Product 3623,361.19,Tools
Product 3624,126.37,Beauty
Product 3625,92.07,Books
Product 3626,212.83,Electronics
Product 3627,376.29,Toys
Product 3628,211.24,Books
Product 3629,201.91,Tools
Product 3630,683.65,Garden
Product 3631,21.06,Home
Product 3632,117.06,Food
Product 3633,843.39,Food
Product 3634,207.69,Electronics
Product 3635,48.99,Food
Product 3636,830.26,Books
Product 3637,549.75,Beauty
Product 3638,986.77,Books
Product 3639,445.20,Electronics
Product 3640,672.61,Toys
Product 3641,705.82,Garden
Product 3642,70.15,Food
Product 3643,42.58,Food
Product 3644,163.33,Books
Product 3645,441.91,Clothing
Product 3646,131.67,Garden
Product 3647,449.30,Sports
Product 3648,64.25,Toys
Product 3649,383.44,Home
Product 3650,942.33,Tools
Product 3651,653.29,Home
Product 3652,752.21,Home
Product 3653,350.46,Books
Product 3654,451.24,Books
Product 3655,651.02,Toys
Product 3656,768.95,Clothing
Product 3657,402.41,Food
Product 3658,691.85,Beauty
Product 3659,357.25,Sports
Product 3660,569.79,Sports
Product 3661,390.04,Home
Product 3662,860.79,Clothing
Product 3663,424.65,Electronics
Product 3664,818.16,Clothing
Product 3665,919.35,Food
Product 3666,107.98,Sports
Product 3667,347.00,Home
Product 3668,300.40,Clothing
Product 3669,108.78,Books
Product 3670,635.03,Food
Product 3671,350.70,Beauty
Product 3672,700.49,Sports
Product 3673,20.19,Electronics
Product 3674,191.29,Sports
Product 3675,47.15,Home
Product 3676,882.03,Books
Product 3677,599.23,Sports
Product 3678,838.49,Garden
Product 3679,438.76,Food
Product 3680,338.63,Tools
Product 3681,438.97,Clothing
Product 3682,328.48,Beauty
Product 3683,455.88,Clothing
Product 3684,20.12,Books
Product 3685,692.61,Clothing
Product 3686,613.72,Garden
Product 3687,400.33,Home
Product 3688,807.80,Clothing
Product 3689,393.08,Food
Product 3690,495.27,Beauty
Product 3691,518.67,Beauty
Product 3692,744.25,Clothing
Product 3693,272.22,Clothing
Product 3694,139.32,Clothing
Product 3695,208.88,Electronics
Product 3696,798.11,Electronics
Product 3697,494.11,Books
Product 3698,423.76,Books
Product 3699,278.50,Electronics
Product 3700,581.49,Sports
Product 3701,886.05,Home
Product 3702,185.38,Books
Product 3703,738.72,Beauty
Product 3704,513.09,Books
Product 3705,268.21,Books
Product 3706,777.57,Sports
Product 3707,349.66,Books
Product 3708,684.77,Toys
Product 3709,321.08,Toys
Product 3710,598.61,Food
Product 3711,428.66,Home
Product 3712,907.34,Clothing
Product 3713,670.14,Home
Product 3714,144.52,Electronics
Product 3715,675.05,Tools
Product 3716,734.53,Books
Product 3717,379.18,Books
Product 3718,148.50,Beauty
Product 3719,508.95,Home
Product 3720,975.83,Books
Product 3721,880.50,Garden
Product 3722,622.89,Beauty
Product 3723,21.65,Garden
Product 3724,692.68,Beauty
Product 3725,42.70,Garden
Product 3726,745.82,Clothing
Product 3727,359.46,Food
Product 3728,529.25,Electronics
Product 3729,687.28,Electronics
Product 3730,580.97,Tools
Product 3731,455.53,Beauty
Product 3732,752.19,Clothing
Product 3733,826.74,Sports
Product 3734,274.77,Tools
Product 3735,679.78,Food
Product 3736,791.25,Clothing
Product 3737,898.61,Sports
Product 3738,64.93,Garden
Product 3739,655.06,Books
Product 3740,133.74,Clothing
Product 3741,591.59,Home
Product 3742,793.72,Home
Product 3743,600.74,Books
Product 3744,135.32,Sports
Product 3745,222.15,Sports
Product 3746,887.75,Garden
Product 3747,540.44,Food
Product 3748,533.34,Garden
Product 3749,529.45,Sports
Product 3750,401.24,Sports
Product 3751,383.14,Home
Product 3752,379.12,Electronics
Product 3753,320.04,Home
Product 3754,876.17,Toys
Product 3755,671.61,Sports
Product 3756,344.25,Home
Product 3757,83.78,Tools
Product 3758,646.50,Tools
Product 3759,980.63,Beauty
Product 3760,688.04,Clothing
Product 3761,928.83,Beauty
Product 3762,877.29,Electronics
Product 3763,488.33,Tools
Product 3764,786.45,Tools
Product 3765,383.26,Beauty
Product 3766,21.99,Garden
Product 3767,299.49,Toys
Product 3768,494.16,Electronics
Product 3769,677.42,Food
Product 3770,770.53,Clothing
Product 3771,207.97,Garden
Product 3772,441.15,Beauty
Product 3773,149.94,Home
Product 3774,457.37,Home
Product 3775,119.21,Toys
Product 3776,569.86,Electronics
Product 3777,333.14,Sports
Product 3778,437.44,Sports
Product 3779,68.74,Garden
Product 3780,484.79,Tools
Product 3781,82.01,Sports
Product 3782,515.32,Books
Product 3783,146.95,Sports
Product 3784,818.13,Food
Product 3785,297.13,Books
Product 3786,940.26,Sports
Product 3787,69.53,Home
Product 3788,500.61,Home
Product 3789,975.34,Clothing
Product 3790,46.58,Food
Product 3791,789.27,Tools
Product 3792,37.74,Food
Product 3793,338.14,Sports
Product 3794,834.21,Electronics
Product 3795,368.78,Clothing
Product 3796,952.74,Electronics
Product 3797,432.00,Beauty
Product 3798,641.18,Beauty
Product 3799,898.25,Food
Product 3800,857.22,Home
Product 3801,792.31,Tools
Product 3802,193.00,Garden
Product 3803,353.69,Garden
Product 3804,412.10,Toys
Product 3805,916.56,Toys
Product 3806,19.22,Food
Product 3807,29.43,Beauty
Product 3808,90.10,Home
Product 3809,659.02,Food
Product 3810,888.91,Garden
Product 3811,57.78,Books
Product 3812,303.24,Garden
Product 3813,964.12,Beauty
Product 3814,895.78,Garden
Product 3815,106.07,Beauty
Product 3816,112.02,Toys
Product 3817,433.10,Food
Product 3818,663.19,Electronics
Product 3819,944.18,Tools
Product 3820,114.94,Beauty
Product 3821,876.63,Books
Product 3822,100.66,Food
Product 3823,820.05,Toys
Product 3824,691.21,Clothing
Product 3825,210.76,Tools
Product 3826,556.58,Toys
Product 3827,488.24,Food
Product 3828,412.97,Home
Product 3829,845.77,Food
Product 3830,966.14,Food
Product 3831,78.01,Food
Product 3832,373.89,Clothing
Product 3833,240.69,Toys
Product 3834,69.12,Toys
Product 3835,530.13,Toys
Product 3836,483.36,Home
Product 3837,81.98,Food
Product 3838,880.94,Clothing
Product 3839,898.91,Clothing
Product 3840,199.19,Toys
Product 3841,706.07,Food
Product 3842,386.61,Beauty
Product 3843,538.75,Beauty
Product 3844,525.42,Food
Product 3845,168.80,Food
Product 3846,221.39,Garden
Product 3847,745.37,Home
Product 3848,539.24,Sports
Product 3849,491.73,Garden
Product 3850,837.57,Toys
Product 3851,193.53,Garden
Product 3852,902.65,Tools
Product 3853,221.16,Food
Product 3854,403.33,Sports
Product 3855,683.91,Clothing
Product 3856,62.47,Electronics
Product 3857,805.60,Garden
Product 3858,448.35,Toys
Product 3859,826.21,Toys
Product 3860,109.32,Home
Product 3861,292.11,Home
Product 3862,156.79,Home
Product 3863,487.51,Home
Product 3864,96.99,Sports
Product 3865,992.93,Food
Product 3866,766.43,Toys
Product 3867,927.33,Clothing
Product 3868,477.57,Toys
Product 3869,700.38,Garden
Product 3870,57.25,Garden
Product 3871,551.65,Home
Product 3872,461.49,Garden
Product 3873,179.49,Garden
Product 3874,794.89,Electronics
Product 3875,478.09,Beauty
Product 3876,804.18,Tools
Product 3877,622.69,Food
Product 3878,987.41,Clothing
Product 3879,124.44,Beauty
Product 3880,972.25,Books
Product 3881,841.51,Home
Product 3882,656.47,Garden
Product 3883,87.10,Food
Product 3884,866.44,Tools
Product 3885,111.08,Food
Product 3886,774.59,Sports
Product 3887,318.67,Garden
Product 3888,24.13,Sports
Product 3889,627.48,Beauty
Product 3890,790.95,Garden
Product 3891,108.46,Electronics
Product 3892,647.16,Sports
Product 3893,979.88,Sports
Product 3894,61.02,Garden
Product 3895,70.98,Electronics
Product 3896,126.99,Food
Product 3897,712.53,Clothing
Product 3898,730.01,Tools
Product 3899,673.10,Clothing
Product 3900,161.47,Sports
Product 3901,596.13,Toys
Product 3902,177.08,Electronics
Product 3903,178.25,Beauty
Product 3904,72.53,Home
Product 3905,519.90,Garden
Product 3906,390.41,Books
Product 3907,835.02,Books
Product 3908,142.04,Sports
Product 3909,212.00,Sports
Product 3910,246.73,Home
Product 3911,773.81,Sports
Product 3912,819.74,Home
Product 3913,699.38,Beauty
Product 3914,631.12,Electronics
Product 3915,115.71,Sports
Product 3916,517.87,Toys
Product 3917,154.04,Toys
Product 3918,400.20,Beauty
Product 3919,891.74,Electronics
Product 3920,46.20,Food
Product 3921,778.71,Tools
Product 3922,159.25,Books
Product 3923,87.25,Electronics
Product 3924,348.99,Tools
Product 3925,30.85,Toys
Product 3926,327.02,Sports
Product 3927,466.13,Electronics
Product 3928,26.78,Clothing
Product 3929,314.90,Beauty
Product 3930,444.81,Toys
Product 3931,229.15,Sports
Product 3932,889.85,Home
Product 3933,81.93,Clothing
Product 3934,531.53,Tools
Product 3935,787.03,Toys
Product 3936,782.50,Food
Product 3937,139.51,Electronics
Product 3938,289.51,Electronics
Product 3939,289.52,Food
Product 3940,125.36,Books
Product 3941,264.97,Books
Product 3942,933.08,Books
Product 3943,878.76,Garden
Product 3944,268.76,Beauty
Product 3945,554.89,Tools
Product 3946,667.61,Tools
Product 3947,353.77,Toys
Product 3948,784.02,Garden
Product 3949,177.34,Clothing
Product 3950,281.16,Tools
Product 3951,974.75,Electronics
Product 3952,20.71,Food
Product 3953,350.34,Sports
Product 3954,728.02,Electronics
Product 3955,340.60,Sports
Product 3956,532.50,Home
Product 3957,449.75,Toys
Product 3958,574.30,Food
Product 3959,976.27,Clothing
Product 3960,400.01,Sports
Product 3961,838.67,Toys
Product 3962,972.69,Toys
Product 3963,263.25,Sports
Product 3964,403.43,Food
Product 3965,351.75,Clothing
Product 3966,7.42,Sports
Product 3967,553.13,Toys
Product 3968,647.64,Books
Product 3969,936.88,Toys
Product 3970,312.02,Food
Product 3971,767.01,Food
Product 3972,245.61,Toys
Product 3973,321.98,Toys
Product 3974,812.50,Beauty
Product 3975,106.59,Clothing
Product 3976,901.83,Beauty
Product 3977,274.17,Home
Product 3978,437.06,Electronics
Product 3979,654.65,Sports
Product 3980,175.81,Beauty
Product 3981,309.06,Home
Product 3982,831.53,Toys
Product 3983,591.38,Beauty
Product 3984,325.97,Home
Product 3985,479.69,Food
Product 3986,790.80,Books
Product 3987,178.89,Beauty
Product 3988,741.00,Food
Product 3989,347.32,Beauty
Product 3990,912.44,Electronics
Product 3991,444.37,Tools
Product 3992,943.81,Electronics
Product 3993,758.87,Garden
Product 3994,190.18,Tools
Product 3995,563.03,Food
Product 3996,739.01,Garden
Product 3997,920.90,Food
Product 3998,45.87,Beauty
Product 3999,623.83,Food
Product 4000,281.60,Food
Product 4001,213.74,Books
Product 4002,120.56,Books
Product 4003,371.93,Tools
Product 4004,553.19,Electronics
Product 4005,249.85,Books
Product 4006,776.15,Garden
Product 4007,807.15,Beauty
Product 4008,543.22,Beauty
Product 4009,506.03,Home
Product 4010,33.94,Home
Product 4011,228.76,Clothing
Product 4012,801.40,Electronics
Product 4013,955.47,Garden
Product 4014,580.08,Toys
Product 4015,204.86,Tools
Product 4016,794.24,Home
Product 4017,82.96,Beauty
Product 4018,856.16,Electronics
Product 4019,90.86,Food
Product 4020,93.64,Garden
Product 4021,506.88,Garden
Product 4022,56.34,Sports
Product 4023,275.35,Food
Product 4024,376.46,Books
Product 4025,587.78,Beauty
Product 4026,640.83,Toys
Product 4027,142.27,Beauty
Product 4028,674.20,Toys
Product 4029,293.05,Home
Product 4030,62.50,Home
Product 4031,553.67,Beauty
Product 4032,704.74,Tools
Product 4033,680.09,Clothing
Product 4034,241.04,Books
Product 4035,281.56,Beauty
Product 4036,388.77,Home
Product 4037,121.30,Toys
Product 4038,456.52,Sports
Product 4039,780.55,Toys
Product 4040,757.89,Electronics
Product 4041,676.14,Sports
Product 4042,106.81,Garden
Product 4043,770.20,Toys
Product 4044,695.74,Home
Product 4045,139.26,Toys
Product 4046,508.09,Garden
Product 4047,488.35,Food
Product 4048,953.95,Tools
Product 4049,9.03,Tools
Product 4050,429.19,Food
Product 4051,727.26,Books
Product 4052,315.94,Tools
Product 4053,880.22,Books
Product 4054,895.52,Tools
Product 4055,604.05,Books
Product 4056,233.46,Home
Product 4057,66.31,Electronics
Product 4058,158.19,Home
Product 4059,445.83,Sports
Product 4060,936.09,Food
Product 4061,881.68,Books
Product 4062,336.37,Electronics
Product 4063,88.45,Home
Product 4064,75.51,Clothing
Product 4065,526.73,Books
Product 4066,9.33,Food
Product 4067,271.17,Food
Product 4068,476.18,Tools
Product 4069,91.67,Garden
Product 4070,229.92,Beauty
Product 4071,24.08,Beauty
Product 4072,445.44,Food
Product 4073,244.28,Sports
Product 4074,165.00,Tools
Product 4075,388.42,Food
Product 4076,70.22,Sports
Product 4077,586.50,Clothing
Product 4078,624.86,Beauty
Product 4079,552.44,Tools
Product 4080,244.32,Garden
Product 4081,275.26,Clothing
Product 4082,454.56,Electronics
Product 4083,741.59,Books
Product 4084,827.00,Food
Product 4085,624.89,Food
Product 4086,49.78,Home
Product 4087,243.38,Books
Product 4088,479.73,Books
Product 4089,847.88,Sports
Product 4090,604.41,Books
Product 4091,389.07,Home
Product 4092,207.37,Books
Product 4093,180.47,Beauty
Product 4094,340.24,Electronics
Product 4095,178.44,Sports
Product 4096,325.49,Beauty
Product 4097,452.09,Clothing
Product 4098,552.42,Beauty
Product 4099,227.54,Sports
Product 4100,520.53,Clothing
Product 4101,241.01,Clothing
Product 4102,898.32,Home
Product 4103,875.60,Beauty
Product 4104,230.88,Books
Product 4105,941.00,Tools
Product 4106,843.38,Garden
Product 4107,996.32,Home
Product 4108,841.19,Toys
Product 4109,710.82,Home
Product 4110,793.75,Food
Product 4111,779.14,Toys
Product 4112,337.12,Beauty
Product 4113,102.35,Garden
Product 4114,957.65,Sports
Product 4115,518.15,Beauty
Product 4116,385.34,Books
Product 4117,916.26,Food
Product 4118,152.55,Toys
Product 4119,860.65,Books
Product 4120,601.74,Clothing
Product 4121,623.96,Books
Product 4122,446.25,Clothing
Product 4123,306.01,Sports
Product 4124,74.73,Home
Product 4125,87.83,Toys
Product 4126,505.81,Tools
Product 4127,797.18,Home
Product 4128,885.62,Tools
Product 4129,694.56,Home
Product 4130,600.01,Electronics
Product 4131,582.18,Books
Product 4132,464.16,Sports
Product 4133,40.82,Clothing
Product 4134,136.20,Clothing
Product 4135,303.33,Beauty
Product 4136,403.75,Books
Product 4137,15.26,Books
Product 4138,584.48,Beauty
Product 4139,296.88,Books
Product 4140,605.94,Electronics
Product 4141,832.61,Electronics
Product 4142,763.49,Sports
Product 4143,646.16,Electronics
Product 4144,515.63,Tools
Product 4145,756.74,Tools
Product 4146,450.59,Electronics
Product 4147,635.67,Tools
Product 4148,34.77,Sports
Product 4149,119.36,Garden
Product 4150,773.27,Sports
Product 4151,375.62,Toys
Product 4152,421.70,Books
Product 4153,881.84,Food
Product 4154,739.16,Clothing
Product 4155,111.40,Books
Product 4156,728.06,Beauty
Product 4157,925.51,Clothing
Product 4158,488.20,Beauty
Product 4159,122.24,Food
Product 4160,907.34,Garden
Product 4161,159.72,Sports
Product 4162,798.22,Tools
Product 4163,775.22,Beauty
Product 4164,114.28,Food
Product 4165,318.06,Sports
Product 4166,969.44,Garden
Product 4167,768.59,Sports
Product 4168,668.07,Home
Product 4169,877.43,Garden
Product 4170,414.83,Books
Product 4171,789.84,Tools
Product 4172,272.12,Clothing
Product 4173,745.61,Beauty
Product 4174,321.83,Home
Product 4175,472.73,Clothing
Product 4176,930.40,Electronics
Product 4177,781.99,Home
Product 4178,416.81,Books
Product 4179,830.93,Garden
Product 4180,264.05,Garden
Product 4181,813.79,Sports
Product 4182,659.76,Food
Product 4183,721.05,Food
Product 4184,82.90,Food
Product 4185,678.53,Beauty
Product 4186,12.43,Beauty
Product 4187,86.20,Books
Product 4188,453.05,Beauty
Product 4189,885.72,Home
Product 4190,449.00,Sports
Product 4191,193.52,Toys
Product 4192,814.24,Food
Product 4193,474.37,Books
Product 4194,279.75,Electronics
Product 4195,936.00,Home
Product 4196,61.08,Home
Product 4197,289.04,Tools
Product 4198,98.30,Home
Product 4199,516.28,Books
Product 4200,113.63,Tools
Product 4201,481.59,Electronics
Product 4202,215.24,Clothing
Product 4203,877.56,Sports
Product 4204,789.84,Sports
Product 4205,298.51,Toys
Product 4206,849.41,Sports
Product 4207,708.21,Clothing
Product 4208,478.58,Food
Product 4209,584.46,Books
Product 4210,945.67,Garden
Product 4211,328.54,Garden
Product 4212,562.60,Food
Product 4213,979.87,Toys
Product 4214,658.82,Books
Product 4215,872.57,Garden
Product 4216,238.38,Sports
Product 4217,312.21,Sports
Product 4218,473.22,Clothing
Product 4219,30.94,Food
Product 4220,870.13,Electronics
Product 4221,538.23,Clothing
Product 4222,206.67,Food
Product 4223,611.55,Food
Product 4224,750.77,Toys
Product 4225,675.26,Beauty
Product 4226,944.99,Sports
Product 4227,943.76,Toys
Product 4228,621.98,Garden
Product 4229,17.38,Beauty
Product 4230,541.97,Garden
Product 4231,849.97,Food
Product 4232,899.10,Garden
Product 4233,717.74,Books
Product 4234,305.87,Toys
Product 4235,895.83,Beauty
Product 4236,968.12,Sports
Product 4237,616.48,Garden
Product 4238,758.16,Tools
Product 4239,743.63,Garden
Product 4240,147.08,Garden
Product 4241,692.36,Electronics
Product 4242,342.69,Garden
Product 4243,446.64,Home
Product 4244,131.77,Beauty
Product 4245,636.49,Books
Product 4246,77.96,Garden
Product 4247,359.20,Clothing
Product 4248,161.14,Clothing
Product 4249,246.80,Electronics
Product 4250,749.56,Electronics
Product 4251,284.51,Garden
Product 4252,700.40,Garden
Product 4253,627.06,Electronics
Product 4254,301.17,Books
Product 4255,344.32,Garden
Product 4256,609.66,Beauty
Product 4257,851.30,Tools
Product 4258,135.32,Toys
Product 4259,318.62,Tools
Product 4260,283.84,Garden
Product 4261,936.32,Clothing
Product 4262,688.62,Electronics
Product 4263,804.30,Electronics
Product 4264,352.85,Tools
Product 4265,727.58,Home
Product 4266,953.16,Tools
Product 4267,932.37,Food
Product 4268,307.19,Books
Product 4269,935.61,Food
Product 4270,589.47,Beauty
Product 4271,792.39,Home
Product 4272,198.01,Electronics
Product 4273,38.65,Sports
Product 4274,34.67,Garden
Product 4275,408.28,Food
Product 4276,573.37,Food
Product 4277,232.68,Garden
Product 4278,595.81,Sports
Product 4279,338.19,Tools
Product 4280,991.01,Electronics
Product 4281,952.21,Toys
Product 4282,591.76,Toys
Product 4283,509.31,Food
Product 4284,260.27,Electronics
Product 4285,31.37,Tools
Product 4286,363.08,Beauty
Product 4287,630.61,Food
Product 4288,831.95,Garden
Product 4289,75.76,Toys
Product 4290,934.49,Electronics
Product 4291,117.23,Home
Product 4292,63.33,Books
Product 4293,675.63,Food
Product 4294,536.42,Tools
Product 4295,111.13,Sports
Product 4296,403.33,Books
Product 4297,637.96,Books
Product 4298,631.17,Home
Product 4299,747.89,Food
Product 4300,31.29,Beauty
Product 4301,329.08,Food
Product 4302,225.52,Electronics
Product 4303,521.00,Garden
Product 4304,17.75,Electronics
Product 4305,614.03,Toys
Product 4306,735.99,Clothing
Product 4307,728.63,Tools
Product 4308,25.98,Food
Product 4309,301.90,Electronics
Product 4310,920.22,Clothing
Product 4311,612.64,Beauty
Product 4312,93.13,Books
Product 4313,109.57,Sports
Product 4314,54.00,Clothing
Product 4315,868.43,Tools
Product 4316,845.04,Tools
Product 4317,64.52,Clothing
Product 4318,879.90,Tools
Product 4319,189.36,Beauty
Product 4320,49.11,Sports
Product 4321,804.75,Garden
Product 4322,13.37,Clothing
Product 4323,371.01,Garden
Product 4324,14.70,Beauty
Product 4325,515.74,Garden
Product 4326,900.02,Food
Product 4327,317.30,Tools
Product 4328,607.20,Tools
Product 4329,331.62,Electronics
Product 4330,340.67,Tools
Product 4331,635.59,Food
Product 4332,187.99,Beauty
Product 4333,237.25,Books
Product 4334,134.28,Food
Product 4335,303.66,Toys
Product 4336,487.63,Clothing
Product 4337,187.35,Garden
Product 4338,516.18,Toys
Product 4339,278.21,Toys
Product 4340,742.14,Home
Product 4341,687.15,Books
Product 4342,380.56,Garden
Product 4343,452.06,Clothing
Product 4344,670.56,Home
Product 4345,474.48,Electronics
Product 4346,581.67,Electronics
Product 4347,256.90,Books
Product 4348,541.50,Food
Product 4349,546.96,Food
Product 4350,703.84,Books
Product 4351,117.88,Toys
Product 4352,171.09,Home
Product 4353,663.91,Home
Product 4354,582.07,Toys
Product 4355,882.11,Food
Product 4356,661.32,Tools
Product 4357,399.71,Tools
Product 4358,765.09,Clothing
Product 4359,686.89,Books
Product 4360,429.43,Clothing
Product 4361,344.13,Food
Product 4362,377.46,Sports
Product 4363,639.58,Tools
Product 4364,752.02,Toys
Product 4365,125.40,Beauty
Product 4366,741.20,Toys
Product 4367,787.54,Books
Product 4368,341.43,Beauty
Product 4369,66.23,Sports
Product 4370,676.80,Garden
Product 4371,291.10,Clothing
Product 4372,912.87,Electronics
Product 4373,405.13,Electronics
Product 4374,653.99,Sports
Product 4375,679.81,Clothing
Product 4376,366.16,Toys
Product 4377,27.61,Clothing
Product 4378,269.82,Sports
Product 4379,988.21,Food
Product 4380,199.54,Toys
Product 4381,85.06,Sports
Product 4382,327.36,Books
Product 4383,678.35,Sports
Product 4384,348.08,Electronics
Product 4385,138.72,Garden
Product 4386,131.12,Food
Product 4387,37.00,Toys
Product 4388,712.25,Food
Product 4389,745.68,Clothing
Product 4390,956.52,Toys
Product 4391,22.79,Sports
Product 4392,324.88,Books
Product 4393,241.69,Books
Product 4394,101.43,Clothing
Product 4395,327.33,Food
Product 4396,809.04,Books
Product 4397,414.79,Electronics
Product 4398,95.07,Home
Product 4399,819.46,Food
Product 4400,878.78,Garden
Product 4401,511.06,Books
Product 4402,135.52,Electronics
Product 4403,246.07,Sports
Product 4404,834.69,Beauty
Product 4405,911.66,Home
Product 4406,458.71,Toys
Product 4407,817.18,Books
Product 4408,384.11,Home
Product 4409,933.23,Toys
Product 4410,329.26,Sports
Product 4411,914.92,Food
Product 4412,673.31,Toys
Product 4413,825.86,Tools
Product 4414,309.44,Home
Product 4415,86.70,Home
Product 4416,335.96,Tools
Product 4417,626.64,Home
Product 4418,157.19,Food
Product 4419,429.83,Beauty
Product 4420,685.27,Books
Product 4421,206.77,Beauty
Product 4422,192.31,Beauty
Product 4423,773.95,Food
Product 4424,266.07,Toys
Product 4425,591.31,Sports
Product 4426,659.95,Beauty
Product 4427,945.66,Beauty
Product 4428,352.83,Sports
Product 4429,95.86,Sports
Product 4430,877.16,Garden
Product 4431,277.55,Food
Product 4432,84.54,Sports
Product 4433,605.05,Books
Product 4434,761.89,Home
Product 4435,451.35,Clothing
Product 4436,210.05,Home
Product 4437,809.96,Garden
Product 4438,227.89,Electronics
Product 4439,104.70,Tools
Product 4440,410.23,Toys
Product 4441,995.64,Sports
Product 4442,52.35,Tools
Product 4443,986.88,Books
Product 4444,55.84,Food
Product 4445,575.54,Toys
Product 4446,263.47,Tools
Product 4447,285.35,Beauty
Product 4448,44.31,Toys
Product 4449,524.30,Home
Product 4450,303.57,Beauty
Product 4451,70.63,Tools
Product 4452,167.32,Beauty
Product 4453,303.49,Beauty
Product 4454,522.11,Sports
Product 4455,324.44,Toys
Product 4456,322.83,Clothing
Product 4457,845.52,Food
Product 4458,61.02,Home
Product 4459,54.08,Clothing
Product 4460,863.44,Garden
Product 4461,572.04,Food
Product 4462,945.97,Home
Product 4463,696.06,Electronics
Product 4464,943.94,Clothing
Product 4465,163.49,Home
Product 4466,180.95,Sports
Product 4467,100.80,Sports
Product 4468,637.75,Beauty
Product 4469,309.63,Garden
Product 4470,950.91,Beauty
Product 4471,728.07,Home
Product 4472,446.12,Books
Product 4473,755.93,Toys
Product 4474,822.42,Food
Product 4475,924.35,Beauty
Product 4476,702.37,Beauty
Product 4477,294.10,Tools
Product 4478,713.87,Home
Product 4479,259.34,Home
Product 4480,890.79,Toys
Product 4481,468.23,Garden
Product 4482,918.95,Garden
Product 4483,225.14,Tools
Product 4484,524.94,Clothing
Product 4485,57.22,Garden
Product 4486,940.83,Home
Product 4487,282.60,Electronics
Product 4488,596.30,Sports
Product 4489,448.69,Home
Product 4490,932.37,Sports
Product 4491,976.63,Food
Product 4492,510.59,Toys
Product 4493,510.28,Home
Product 4494,306.63,Garden
Product 4495,338.20,Toys
Product 4496,862.46,Beauty
Product 4497,377.53,Tools
Product 4498,10.89,Electronics
Product 4499,544.17,Garden
Product 4500,782.41,Clothing
Product 4501,124.61,Home
Product 4502,539.81,Electronics
Product 4503,191.30,Food
Product 4504,58.50,Clothing
Product 4505,348.87,Clothing
Product 4506,888.19,Home
Product 4507,910.61,Electronics
Product 4508,849.22,Food
Product 4509,130.24,Books
Product 4510,91.23,Electronics
Product 4511,556.90,Home
Product 4512,199.25,Tools
Product 4513,572.60,Clothing
Product 4514,268.56,Home
Product 4515,320.69,Electronics
Product 4516,695.61,Books
Product 4517,216.86,Tools
Product 4518,159.24,Food
Product 4519,61.10,Electronics
Product 4520,165.61,Beauty
Product 4521,903.10,Books
Product 4522,34.60,Home
Product 4523,626.39,Clothing
Product 4524,9.40,Sports
Product 4525,775.35,Sports
Product 4526,979.25,Electronics
Product 4527,887.31,Electronics
Product 4528,9.83,Beauty
Product 4529,743.28,Beauty
Product 4530,819.89,Tools
Product 4531,700.00,Tools
Product 4532,981.53,Home
Product 4533,515.23,Beauty
Product 4534,736.71,Home
Product 4535,768.05,Tools
Product 4536,672.52,Food
Product 4537,744.77,Tools
Product 4538,275.12,Clothing
Product 4539,676.82,Sports
Product 4540,570.17,Electronics
Product 4541,875.54,Books
Product 4542,443.59,Home
Product 4543,243.91,Home
Product 4544,68.13,Tools
Product 4545,236.95,Clothing
Product 4546,59.31,Beauty
Product 4547,183.69,Toys
Product 4548,879.61,Food
Product 4549,697.91,Beauty
Product 4550,360.80,Tools
Product 4551,605.43,Food
Product 4552,347.50,Home
Product 4553,765.52,Garden
Product 4554,525.65,Toys
Product 4555,858.28,Sports
Product 4556,182.53,Tools
Product 4557,266.08,Books
Product 4558,523.69,Home
Product 4559,32.53,Electronics
Product 4560,603.50,Electronics
Product 4561,869.35,Books
Product 4562,893.13,Beauty
Product 4563,478.47,Home
Product 4564,66.31,Sports
Product 4565,960.03,Books
Product 4566,299.29,Home
Product 4567,34.67,Home
Product 4568,981.01,Electronics
Product 4569,715.59,Tools
Product 4570,81.66,Clothing
Product 4571,796.68,Beauty
Product 4572,220.87,Tools
Product 4573,551.54,Clothing
Product 4574,158.65,Beauty
Product 4575,381.00,Electronics
Product 4576,518.22,Sports
Product 4577,686.27,Tools
Product 4578,516.34,Clothing
Product 4579,541.37,Toys
Product 4580,217.07,Home
Product 4581,880.43,Tools
Product 4582,948.88,Electronics
Product 4583,134.83,Food
Product 4584,437.17,Tools
Product 4585,411.70,Beauty
Product 4586,181.72,Electronics
Product 4587,236.99,Clothing
Product 4588,503.85,Clothing
Product 4589,855.12,Electronics
Product 4590,986.44,Sports
Product 4591,855.70,Clothing
Product 4592,613.15,Garden
Product 4593,919.78,Toys
Product 4594,51.99,Books
Product 4595,888.24,Food
Product 4596,978.46,Clothing
Product 4597,712.26,Books
Product 4598,704.89,Sports
Product 4599,855.62,Clothing
Product 4600,653.16,Tools
Product 4601,621.53,Toys
Product 4602,896.95,Books
Product 4603,711.70,Toys
Product 4604,748.48,Garden
Product 4605,774.60,Food
Product 4606,344.68,Electronics
Product 4607,246.32,Toys
Product 4608,885.42,Home
Product 4609,538.43,Garden
Product 4610,780.18,Garden
Product 4611,141.08,Garden
Product 4612,956.33,Beauty
Product 4613,996.71,Beauty
Product 4614,724.14,Home
Product 4615,569.54,Sports
Product 4616,55.66,Food
Product 4617,966.32,Clothing
Product 4618,215.67,Toys
Product 4619,217.84,Toys
Product 4620,674.27,Garden
Product 4621,924.60,Tools
Product 4622,664.03,Electronics
Product 4623,528.30,Home
Product 4624,796.54,Sports
Product 4625,558.29,Beauty
Product 4626,943.66,Toys
Product 4627,654.52,Garden
Product 4628,58.29,Garden
Product 4629,494.91,Garden
Product 4630,170.85,Electronics
Product 4631,957.63,Books
Product 4632,906.09,Garden
Product 4633,622.19,Toys
Product 4634,659.58,Electronics
Product 4635,730.82,Electronics
Product 4636,913.22,Home
Product 4637,802.45,Food
Product 4638,394.81,Home
Product 4639,103.48,Beauty
Product 4640,466.08,Books
Product 4641,791.69,Toys
Product 4642,946.63,Sports
Product 4643,247.52,Beauty
Product 4644,17.54,Tools
Product 4645,804.81,Garden
Product 4646,629.87,Electronics
Product 4647,896.65,Home
Product 4648,161.34,Clothing
Product 4649,566.33,Clothing
Product 4650,305.30,Food
Product 4651,954.86,Toys
Product 4652,470.20,Tools
Product 4653,44.47,Home
Product 4654,249.19,Beauty
Product 4655,332.47,Home
Product 4656,391.21,Food
Product 4657,683.91,Sports
Product 4658,11.99,Clothing
Product 4659,915.71,Beauty
Product 4660,609.79,Sports
Product 4661,323.20,Toys
Product 4662,686.05,Electronics
Product 4663,939.61,Food
Product 4664,993.96,Clothing
Product 4665,350.88,Sports
Product 4666,576.07,Food
Product 4667,770.11,Food
Product 4668,79.42,Clothing
Product 4669,112.65,Electronics
Product 4670,881.03,Electronics
Product 4671,276.61,Beauty
Product 4672,302.38,Garden
Product 4673,549.12,Garden
Product 4674,870.08,Tools
Product 4675,368.12,Tools
Product 4676,646.10,Clothing
Product 4677,829.06,Home
Product 4678,411.40,Toys
Product 4679,197.73,Food
Product 4680,983.24,Garden
Product 4681,986.92,Sports
Product 4682,503.67,Toys
Product 4683,101.24,Garden
Product 4684,192.84,Clothing
Product 4685,95.97,Tools
Product 4686,564.93,Food
Product 4687,806.62,Clothing
Product 4688,696.66,Sports
Product 4689,685.44,Home
Product 4690,281.57,Electronics
Product 4691,280.11,Beauty
Product 4692,793.47,Clothing
Product 4693,804.74,Tools
Product 4694,307.82,Electronics
Product 4695,249.71,Books
Product 4696,596.27,Toys
Product 4697,360.82,Sports
Product 4698,413.92,Home
Product 4699,468.59,Tools
Product 4700,137.46,Home
Product 4701,374.16,Electronics
Product 4702,36.54,Electronics
Product 4703,790.30,Clothing
Product 4704,524.86,Toys
Product 4705,134.43,Tools
Product 4706,9.46,Beauty
Product 4707,979.81,Electronics
Product 4708,124.24,Food
Product 4709,497.06,Toys
Product 4710,753.39,Electronics
Product 4711,372.25,Beauty
Product 4712,997.92,Sports
Product 4713,871.59,Toys
Product 4714,259.10,Sports
Product 4715,210.58,Food
Product 4716,382.94,Beauty
Product 4717,299.95,Sports
Product 4718,161.98,Home
Product 4719,457.54,Food
Product 4720,200.49,Toys
Product 4721,951.38,Tools
Product 4722,863.61,Books
Product 4723,549.96,Electronics
Product 4724,288.73,Toys
Product 4725,743.85,Books
Product 4726,583.26,Sports
Product 4727,522.68,Clothing
Product 4728,354.21,Tools
Product 4729,107.53,Home
Product 4730,236.12,Toys
Product 4731,20.54,Electronics
Product 4732,914.38,Food
Product 4733,476.60,Toys
Product 4734,618.38,Books
Product 4735,125.21,Beauty
Product 4736,326.64,Toys
Product 4737,780.96,Beauty
Product 4738,708.93,Sports
Product 4739,914.51,Food
Product 4740,903.87,Home
Product 4741,422.09,Clothing
Product 4742,584.82,Garden
Product 4743,877.48,Books
Product 4744,43.16,Books
Product 4745,562.39,Tools
Product 4746,897.12,Electronics
Product 4747,544.23,Toys
Product 4748,513.65,Beauty
Product 4749,854.90,Toys
Product 4750,869.02,Sports
Product 4751,567.53,Sports
Product 4752,436.25,Electronics
Product 4753,455.10,Sports
Product 4754,808.78,Beauty
Product 4755,488.24,Home
Product 4756,902.28,Books
Product 4757,199.26,Sports
Product 4758,847.80,Sports
Product 4759,546.04,Toys
Product 4760,606.64,Tools
Product 4761,404.72,Clothing
Product 4762,246.77,Electronics
Product 4763,426.14,Home
Product 4764,138.15,Tools
Product 4765,379.47,Beauty
Product 4766,741.77,Clothing
Product 4767,714.59,Sports
Product 4768,458.71,Food
Product 4769,118.16,Books
Product 4770,804.51,Sports
Product 4771,577.28,Beauty
Product 4772,763.35,Electronics
Product 4773,913.34,Toys
Product 4774,521.38,Sports
Product 4775,401.78,Food
Product 4776,385.05,Electronics
Product 4777,102.03,Food
Product 4778,529.02,Tools
Product 4779,426.97,Sports
Product 4780,29.35,Sports
Product 4781,670.32,Food
Product 4782,230.25,Tools
Product 4783,74.37,Food
Product 4784,114.72,Clothing
Product 4785,517.04,Books
Product 4786,198.98,Books
Product 4787,606.51,Tools
Product 4788,572.87,Beauty
Product 4789,19.48,Books
Product 4790,31.42,Beauty
Product 4791,669.08,Tools
Product 4792,495.78,Electronics
Product 4793,156.71,Toys
Product 4794,181.62,Clothing
Product 4795,51.94,Home
Product 4796,468.78,Tools
Product 4797,28.87,Home
Product 4798,812.41,Beauty
Product 4799,121.91,Electronics
Product 4800,431.14,Garden
Product 4801,422.73,Home
Product 4802,859.91,Home
Product 4803,304.28,Tools
Product 4804,583.54,Sports
Product 4805,881.92,Beauty
Product 4806,730.18,Home
Product 4807,488.26,Books
Product 4808,150.78,Home
Product 4809,679.28,Home
Product 4810,513.17,Beauty
Product 4811,424.00,Home
Product 4812,868.57,Garden
Product 4813,76.54,Books
Product 4814,276.30,Books
Product 4815,431.73,Home
Product 4816,310.88,Garden
Product 4817,610.31,Books
Product 4818,763.01,Clothing
Product 4819,712.33,Toys
Product 4820,828.63,Tools
Product 4821,791.91,Clothing
Product 4822,569.10,Food
Product 4823,806.00,Sports
Product 4824,460.61,Electronics
Product 4825,571.74,Books
Product 4826,928.81,Electronics
Product 4827,60.17,Garden
Product 4828,521.61,Books
Product 4829,25.90,Electronics
Product 4830,975.02,Garden
Product 4831,208.08,Food
Product 4832,290.53,Sports
Product 4833,602.12,Sports
Product 4834,261.78,Clothing
Product 4835,507.98,Clothing
Product 4836,202.65,Beauty
Product 4837,599.54,Sports
Product 4838,847.00,Sports
Product 4839,899.93,Electronics
Product 4840,397.68,Food
Product 4841,527.49,Clothing
Product 4842,438.05,Sports
Product 4843,287.69,Sports
Product 4844,59.88,Tools
Product 4845,991.71,Books
Product 4846,741.47,Home
Product 4847,958.32,Home
Product 4848,851.31,Toys
Product 4849,342.77,Beauty
Product 4850,152.07,Beauty
Product 4851,152.98,Home
Product 4852,307.53,Sports
Product 4853,417.53,Toys
Product 4854,234.61,Toys
Product 4855,530.16,Beauty
Product 4856,186.90,Sports
Product 4857,312.09,Clothing
Product 4858,621.09,Garden
Product 4859,349.66,Food
Product 4860,52.02,Electronics
Product 4861,492.60,Beauty
Product 4862,422.64,Books
Product 4863,827.76,Toys
Product 4864,406.26,Food
Product 4865,979.26,Tools
Product 4866,603.32,Books
Product 4867,63.72,Garden
Product 4868,959.24,Food
Product 4869,768.08,Home
Product 4870,994.86,Food
Product 4871,135.42,Toys
Product 4872,615.27,Toys
Product 4873,202.32,Sports
Product 4874,239.07,Sports
Product 4875,409.91,Food
Product 4876,486.39,Sports
Product 4877,965.15,Toys
Product 4878,862.03,Toys
Product 4879,557.42,Food
Product 4880,601.27,Electronics
Product 4881,63.57,Sports
Product 4882,879.75,Toys
Product 4883,484.90,Tools
Product 4884,947.62,Beauty
Product 4885,93.72,Toys
Product 4886,320.35,Toys
Product 4887,411.21,Garden
Product 4888,361.93,Beauty
Product 4889,740.89,Sports
Product 4890,771.67,Beauty
Product 4891,562.03,Garden
Product 4892,509.99,Electronics
Product 4893,348.75,Clothing
Product 4894,510.96,Toys
Product 4895,137.58,Toys
Product 4896,550.20,Toys
Product 4897,444.51,Toys
Product 4898,286.12,Tools
Product 4899,981.51,Tools
Product 4900,706.89,Books
Product 4901,676.45,Food
Product 4902,104.51,Home
Product 4903,262.53,Books
Product 4904,58.14,Garden
Product 4905,369.86,Clothing
Product 4906,43.91,Food
Product 4907,25.90,Books
Product 4908,537.81,Books
Product 4909,780.37,Beauty
Product 4910,145.28,Clothing
Product 4911,625.03,Garden
Product 4912,20.32,Beauty
Product 4913,245.83,Electronics
Product 4914,249.37,Garden
Product 4915,897.79,Home
Product 4916,670.14,Toys
Product 4917,846.65,Tools
Product 4918,137.24,Home
Product 4919,845.33,Books
Product 4920,157.86,Clothing
Product 4921,553.53,Clothing
Product 4922,193.54,Home
Product 4923,688.73,Clothing
Product 4924,851.43,Books
Product 4925,442.55,Beauty
Product 4926,411.91,Clothing
Product 4927,761.95,Sports
Product 4928,634.02,Clothing
Product 4929,409.36,Garden
Product 4930,802.98,Home
Product 4931,898.46,Beauty
Product 4932,40.68,Garden
Product 4933,657.58,Food
Product 4934,886.00,Clothing
Product 4935,554.39,Tools
Product 4936,253.70,Beauty
Product 4937,179.55,Toys
Product 4938,521.59,Tools
Product 4939,243.64,Sports
Product 4940,873.54,Home
Product 4941,793.01,Food
Product 4942,557.50,Clothing
Product 4943,939.64,Garden
Product 4944,674.09,Garden
Product 4945,515.96,Garden
Product 4946,221.16,Tools
Product 4947,551.91,Toys
Product 4948,304.58,Sports
Product 4949,115.46,Food
Product 4950,595.32,Sports
Product 4951,146.27,Clothing
Product 4952,112.72,Electronics
Product 4953,127.72,Electronics
Product 4954,210.91,Home
Product 4955,292.52,Clothing
Product 4956,457.21,Home
Product 4957,323.13,Sports
Product 4958,742.19,Garden
Product 4959,556.32,Food
Product 4960,136.63,Beauty
Product 4961,991.76,Toys
Product 4962,170.64,Toys
Product 4963,17.72,Food
Product 4964,312.97,Toys
Product 4965,753.06,Toys
Product 4966,876.64,Garden
Product 4967,549.27,Beauty
Product 4968,789.17,Beauty
Product 4969,78.98,Sports
Product 4970,169.36,Clothing
Product 4971,223.79,Tools
Product 4972,304.63,Electronics
Product 4973,754.49,Garden
Product 4974,330.48,Home
Product 4975,228.45,Home
Product 4976,109.56,Sports
Product 4977,557.58,Sports
Product 4978,114.87,Garden
Product 4979,173.77,Clothing
Product 4980,524.72,Garden
Product 4981,184.86,Tools
Product 4982,722.90,Sports
Product 4983,147.26,Electronics
Product 4984,290.42,Clothing
Product 4985,420.57,Sports
Product 4986,834.54,Home
Product 4987,576.40,Garden
Product 4988,467.98,Food
Product 4989,88.34,Tools
Product 4990,305.26,Electronics
Product 4991,872.79,Books
Product 4992,400.92,Food
Product 4993,386.15,Electronics
Product 4994,39.82,Beauty
Product 4995,449.74,Garden
Product 4996,842.02,Electronics
Product 4997,40.14,Sports
Product 4998,858.57,Books
Product 4999,568.53,Electronics
Product 5000,428.30,Toys
Product 5001,715.00,Clothing
Product 5002,816.38,Sports
Product 5003,881.89,Beauty
Product 5004,130.65,Garden
Product 5005,178.67,Electronics
Product 5006,954.10,Toys
Product 5007,223.13,Books
Product 5008,252.35,Home
Product 5009,987.55,Garden
Product 5010,188.64,Food
Product 5011,923.76,Clothing
Product 5012,570.75,Food
Product 5013,518.73,Sports
Product 5014,654.90,Sports
Product 5015,983.76,Home
Product 5016,600.86,Books
Product 5017,277.58,Garden
Product 5018,678.50,Clothing
Product 5019,437.23,Clothing
Product 5020,853.32,Home
Product 5021,7.66,Clothing
Product 5022,193.12,Beauty
Product 5023,563.08,Clothing
Product 5024,27.60,Sports
Product 5025,544.03,Clothing
Product 5026,500.11,Sports
Product 5027,748.26,Food
Product 5028,935.12,Beauty
Product 5029,649.71,Food
Product 5030,746.31,Garden
Product 5031,214.87,Electronics
Product 5032,309.43,Clothing
Product 5033,696.67,Toys
Product 5034,150.32,Electronics
Product 5035,23.83,Toys
Product 5036,135.07,Garden
Product 5037,586.50,Food
Product 5038,219.42,Electronics
Product 5039,158.66,Tools
Product 5040,682.23,Garden
Product 5041,964.18,Clothing
Product 5042,831.66,Clothing
Product 5043,578.97,Sports
Product 5044,52.84,Sports
Product 5045,13.28,Books
Product 5046,214.22,Toys
Product 5047,200.00,Food
Product 5048,946.40,Home
Product 5049,610.49,Electronics
Product 5050,625.23,Electronics
Product 5051,506.81,Sports
Product 5052,257.26,Clothing
Product 5053,986.66,Tools
Product 5054,165.77,Clothing
Product 5055,970.86,Beauty
Product 5056,900.46,Garden
Product 5057,953.44,Garden
Product 5058,719.43,Electronics
Product 5059,659.88,Sports
Product 5060,121.26,Clothing
Product 5061,434.36,Electronics
Product 5062,119.59,Food
Product 5063,648.63,Garden
Product 5064,740.55,Books
Product 5065,528.70,Beauty
Product 5066,428.11,Books
Product 5067,175.84,Sports
Product 5068,575.63,Beauty
Product 5069,466.82,Sports
Product 5070,962.71,Beauty
Product 5071,447.09,Electronics
Product 5072,403.66,Food
Product 5073,777.64,Tools
Product 5074,93.38,Toys
Product 5075,579.49,Food
Product 5076,495.85,Food
Product 5077,40.54,Garden
Product 5078,834.35,Electronics
Product 5079,254.86,Beauty
Product 5080,433.15,Food
Product 5081,260.58,Toys
Product 5082,681.45,Clothing
Product 5083,456.68,Clothing
Product 5084,890.89,Garden
Product 5085,152.79,Beauty
Product 5086,237.77,Sports
Product 5087,264.22,Food
Product 5088,66.47,Home
Product 5089,15.96,Food
Product 5090,945.42,Clothing
Product 5091,475.02,Garden
Product 5092,89.09,Tools
Product 5093,754.73,Tools
Product 5094,289.40,Beauty
Product 5095,921.56,Tools
Product 5096,57.74,Clothing
Product 5097,798.01,Sports
Product 5098,24.21,Tools
Product 5099,716.05,Electronics
Product 5100,843.05,Garden
Product 5101,443.52,Food
Product 5102,747.53,Garden
Product 5103,879.64,Home
Product 5104,422.61,Beauty
Product 5105,183.16,Tools
Product 5106,858.34,Food
Product 5107,791.32,Clothing
Product 5108,337.45,Sports
Product 5109,762.99,Clothing
Product 5110,845.83,Beauty
Product 5111,297.40,Garden
Product 5112,665.14,Garden
Product 5113,801.62,Garden
Product 5114,261.82,Home
Product 5115,426.35,Garden
Product 5116,664.97,Clothing
Product 5117,395.13,Clothing
Product 5118,152.01,Food
Product 5119,414.60,Beauty
Product 5120,767.35,Sports
Product 5121,984.46,Tools
Product 5122,821.22,Toys
Product 5123,236.45,Tools
Product 5124,694.60,Clothing
Product 5125,721.91,Tools
Product 5126,514.43,Tools
Product 5127,752.01,Electronics
Product 5128,786.47,Food
Product 5129,560.35,Food
Product 5130,665.22,Garden
Product 5131,863.85,Tools
Product 5132,990.20,Food
Product 5133,765.27,Home
Product 5134,768.52,Tools
Product 5135,310.75,Toys
Product 5136,991.86,Tools
Product 5137,823.95,Garden
Product 5138,566.73,Toys
Product 5139,654.16,Garden
Product 5140,870.72,Garden
Product 5141,730.25,Clothing
Product 5142,18.90,Electronics
Product 5143,138.41,Food
Product 5144,718.92,Books
Product 5145,498.88,Beauty
Product 5146,433.38,Toys
Product 5147,406.31,Toys
Product 5148,250.71,Food
Product 5149,633.17,Sports
Product 5150,236.71,Electronics
Product 5151,571.66,Food
Product 5152,997.90,Electronics
Product 5153,930.38,Clothing
Product 5154,679.70,Beauty
Product 5155,628.47,Books
Product 5156,149.08,Electronics
Product 5157,553.49,Electronics
Product 5158,883.94,Food
Product 5159,838.77,Sports
Product 5160,220.53,Tools
Product 5161,869.38,Clothing
Product 5162,548.69,Home
Product 5163,388.36,Toys
Product 5164,859.92,Electronics
Product 5165,471.88,Electronics
Product 5166,753.72,Sports
Product 5167,789.61,Tools
Product 5168,998.76,Food
Product 5169,6.76,Tools
Product 5170,646.32,Garden
Product 5171,387.45,Toys
Product 5172,619.57,Beauty
Product 5173,74.65,Clothing
Product 5174,772.75,Food
Product 5175,569.38,Electronics
Product 5176,310.73,Garden
Product 5177,529.12,Electronics
Product 5178,60.91,Beauty
Product 5179,142.25,Electronics
Product 5180,897.30,Beauty
Product 5181,903.67,Home
Product 5182,740.87,Clothing
Product 5183,101.78,Sports
Product 5184,838.35,Sports
Product 5185,747.05,Beauty
Product 5186,800.11,Food
Product 5187,544.54,Home
Product 5188,779.01,Garden
Product 5189,213.09,Books
Product 5190,998.08,Food
Product 5191,958.71,Home
Product 5192,315.78,Toys
Product 5193,48.71,Toys
Product 5194,259.08,Home
Product 5195,267.29,Sports
Product 5196,921.88,Books
Product 5197,775.13,Toys
Product 5198,808.74,Tools
Product 5199,318.67,Food
Product 5200,440.77,Sports
Product 5201,875.79,Garden
Product 5202,250.72,Electronics
Product 5203,918.70,Electronics
Product 5204,384.83,Electronics
Product 5205,982.51,Toys
Product 5206,437.05,Garden
Product 5207,457.62,Food
Product 5208,347.44,Toys
Product 5209,288.76,Electronics
Product 5210,365.14,Food
Product 5211,249.69,Sports
Product 5212,906.79,Food
Product 5213,832.43,Garden
Product 5214,442.61,Home
Product 5215,688.86,Clothing
Product 5216,867.10,Clothing
Product 5217,76.32,Electronics
Product 5218,433.62,Food
Product 5219,396.73,Books
Product 5220,258.50,Electronics
Product 5221,418.88,Garden
Product 5222,595.72,Electronics
Product 5223,632.44,Home
Product 5224,791.82,Beauty
Product 5225,854.05,Sports
Product 5226,497.39,Sports
Product 5227,934.19,Toys
Product 5228,725.98,Home
Product 5229,43.38,Beauty
Product 5230,365.10,Books
Product 5231,500.56,Beauty
Product 5232,228.53,Books
Product 5233,932.15,Food
Product 5234,729.68,Garden
Product 5235,237.78,Sports
Product 5236,475.02,Toys
Product 5237,496.10,Books
Product 5238,766.08,Home
Product 5239,513.20,Toys
Product 5240,614.03,Garden
Product 5241,216.12,Home
Product 5242,911.69,Electronics
Product 5243,957.25,Food
Product 5244,987.91,Garden
Product 5245,953.62,Garden
Product 5246,317.52,Garden
Product 5247,344.66,Food
Product 5248,656.70,Beauty
Product 5249,816.91,Garden
Product 5250,949.24,Food
Product 5251,470.24,Electronics
Product 5252,241.11,Clothing
Product 5253,33.78,Books
Product 5254,440.89,Clothing
Product 5255,207.68,Clothing
Product 5256,75.79,Books
Product 5257,416.98,Tools
Product 5258,696.71,Books
Product 5259,138.63,Tools
Product 5260,489.57,Toys
Product 5261,272.60,Sports
Product 5262,766.39,Sports
Product 5263,112.53,Books
Product 5264,755.74,Clothing
Product 5265,206.68,Tools
Product 5266,494.71,Tools
Product 5267,145.20,Clothing
Product 5268,756.98,Home
Product 5269,112.59,Home
Product 5270,616.16,Beauty
Product 5271,261.03,Beauty
Product 5272,682.70,Beauty
Product 5273,275.86,Beauty
Product 5274,282.65,Books
Product 5275,187.92,Clothing
Product 5276,921.33,Books
Product 5277,502.79,Beauty
Product 5278,314.16,Tools
Product 5279,567.32,Garden
Product 5280,254.13,Food
Product 5281,77.06,Clothing
Product 5282,408.12,Sports
Product 5283,635.89,Sports
Product 5284,561.33,Home
Product 5285,805.30,Books
Product 5286,13.23,Tools
Product 5287,55.04,Garden
Product 5288,200.51,Garden
Product 5289,687.60,Tools
Product 5290,465.08,Sports
Product 5291,810.65,Tools
Product 5292,795.05,Electronics
Product 5293,538.15,Sports
Product 5294,735.08,Electronics
Product 5295,74.85,Beauty
Product 5296,801.17,Toys
Product 5297,357.80,Electronics
Product 5298,659.79,Beauty
Product 5299,190.83,Books
Product 5300,620.31,Beauty
Product 5301,691.63,Home
Product 5302,953.90,Electronics
Product 5303,828.32,Sports
Product 5304,382.86,Sports
Product 5305,420.13,Tools
Product 5306,439.74,Home
Product 5307,733.60,Food
Product 5308,327.07,Tools
Product 5309,413.51,Home
Product 5310,516.13,Food
Product 5311,801.96,Clothing
Product 5312,32.87,Food
Product 5313,473.38,Food
Product 5314,215.89,Electronics
Product 5315,811.25,Home
Product 5316,59.03,Electronics
Product 5317,567.13,Books
Product 5318,704.52,Tools
Product 5319,282.50,Beauty
Product 5320,422.59,Home
Product 5321,982.95,Sports
Product 5322,582.84,Food
Product 5323,310.74,Home
Product 5324,375.93,Clothing
Product 5325,515.95,Tools
Product 5326,231.50,Home
Product 5327,148.40,Beauty
Product 5328,683.66,Home
Product 5329,807.01,Toys
Product 5330,854.28,Sports
Product 5331,897.83,Electronics
Product 5332,247.45,Electronics
Product 5333,169.24,Beauty
Product 5334,296.84,Electronics
Product 5335,146.79,Books
Product 5336,411.52,Home
Product 5337,996.17,Toys
Product 5338,318.85,Garden
Product 5339,350.63,Toys
Product 5340,735.50,Sports
Product 5341,470.30,Books
Product 5342,104.94,Garden
Product 5343,622.98,Electronics
Product 5344,303.42,Electronics
Product 5345,64.33,Beauty
Product 5346,591.43,Home
Product 5347,281.36,Tools
Product 5348,510.03,Clothing
Product 5349,820.37,Home
Product 5350,89.49,Electronics
Product 5351,142.45,Toys
Product 5352,288.80,Sports
Product 5353,349.81,Clothing
Product 5354,806.63,Sports
Product 5355,206.83,Food
Product 5356,990.64,Electronics
Product 5357,561.30,Food
Product 5358,635.99,Electronics
Product 5359,79.11,Home
Product 5360,866.21,Food
Product 5361,250.82,Garden
Product 5362,640.99,Books
Product 5363,213.16,Food
Product 5364,8.33,Beauty
Product 5365,874.43,Books
Product 5366,180.17,Books
Product 5367,386.93,Garden
Product 5368,903.31,Garden
Product 5369,321.79,Food
Product 5370,245.77,Food
Product 5371,495.53,Toys
Product 5372,833.37,Tools
Product 5373,794.32,Home
Product 5374,602.34,Toys
Product 5375,274.89,Toys
Product 5376,789.81,Clothing
Product 5377,314.13,Garden
Product 5378,335.76,Sports
Product 5379,514.45,Beauty
Product 5380,995.72,Books
Product 5381,890.31,Garden
Product 5382,296.11,Garden
Product 5383,348.95,Garden
Product 5384,198.68,Garden
Product 5385,951.57,Tools
Product 5386,770.28,Beauty
Product 5387,804.21,Food
Product 5388,540.99,Beauty
Product 5389,832.81,Sports
Product 5390,434.81,Garden
Product 5391,961.16,Electronics
Product 5392,262.12,Sports
Product 5393,599.00,Home
Product 5394,64.79,Books
Product 5395,459.07,Beauty
Product 5396,637.48,Food
Product 5397,535.68,Food
Product 5398,494.63,Garden
Product 5399,900.03,Tools
Product 5400,711.44,Beauty
Product 5401,467.88,Clothing
Product 5402,54.36,Clothing
Product 5403,431.87,Garden
Product 5404,378.30,Clothing
Product 5405,332.28,Tools
Product 5406,877.95,Sports
Product 5407,330.72,Electronics
Product 5408,503.77,Toys
Product 5409,677.78,Home
Product 5410,768.06,Clothing
Product 5411,715.78,Clothing
Product 5412,556.43,Electronics
Product 5413,699.32,Electronics
Product 5414,823.54,Beauty
Product 5415,896.91,Books
Product 5416,881.04,Electronics
Product 5417,358.92,Tools
Product 5418,716.89,Clothing
Product 5419,292.58,Clothing
Product 5420,164.40,Tools
Product 5421,301.83,Home
Product 5422,623.18,Tools
Product 5423,422.71,Beauty
Product 5424,486.49,Home
Product 5425,549.31,Tools
Product 5426,47.51,Garden
Product 5427,348.80,Food
Product 5428,334.83,Books
Product 5429,478.30,Electronics
Product 5430,94.69,Electronics
Product 5431,348.19,Home
Product 5432,971.27,Clothing
Product 5433,761.42,Food
Product 5434,842.78,Toys
Product 5435,108.47,Tools
Product 5436,894.63,Books
Product 5437,562.13,Sports
Product 5438,494.78,Electronics
Product 5439,171.55,Tools
Product 5440,674.40,Books
Product 5441,916.08,Electronics
Product 5442,14.56,Home
Product 5443,489.73,Electronics
Product 5444,822.22,Clothing
Product 5445,872.88,Food
Product 5446,145.76,Beauty
Product 5447,88.76,Toys
Product 5448,683.89,Toys
Product 5449,342.45,Books
Product 5450,671.03,Electronics
Product 5451,529.62,Books
Product 5452,664.08,Garden
Product 5453,635.25,Sports
Product 5454,361.62,Tools
Product 5455,992.39,Food
Product 5456,719.02,Food
Product 5457,52.24,Electronics
Product 5458,147.96,Toys
Product 5459,947.01,Beauty
Product 5460,608.02,Toys
Product 5461,35.52,Clothing
Product 5462,878.91,Home
Product 5463,469.52,Home
Product 5464,234.14,Beauty
Product 5465,405.61,Home
Product 5466,586.96,Garden
Product 5467,838.49,Beauty
Product 5468,315.51,Home
Product 5469,442.64,Home
Product 5470,914.43,Sports
Product 5471,685.59,Garden
Product 5472,868.17,Books
Product 5473,506.41,Home
Product 5474,951.31,Books
Product 5475,280.66,Toys
Product 5476,833.78,Electronics
Product 5477,94.75,Tools
Product 5478,47.81,Clothing
Product 5479,811.05,Clothing
Product 5480,220.61,Home
Product 5481,775.58,Books
Product 5482,106.40,Sports
Product 5483,613.55,Sports
Product 5484,222.72,Beauty
Product 5485,854.84,Clothing
Product 5486,412.20,Sports
Product 5487,337.25,Toys
Product 5488,683.46,Sports
Product 5489,584.56,Toys
Product 5490,402.63,Home
Product 5491,103.56,Electronics
Product 5492,432.91,Beauty
Product 5493,395.15,Clothing
Product 5494,746.71,Food
Product 5495,756.09,Toys
Product 5496,595.58,Tools
Product 5497,403.18,Electronics
Product 5498,235.16,Home
Product 5499,748.76,Beauty
Product 5500,94.43,Beauty
Product 5501,740.25,Clothing
Product 5502,997.93,Garden
Product 5503,388.18,Food
Product 5504,743.15,Tools
Product 5505,466.79,Garden
Product 5506,284.06,Sports
Product 5507,168.34,Home
Product 5508,581.14,Books
Product 5509,580.79,Clothing
Product 5510,474.74,Garden
Product 5511,286.77,Sports
Product 5512,464.15,Home
Product 5513,554.77,Books
Product 5514,222.27,Garden
Product 5515,136.75,Electronics
Product 5516,832.63,Home
Product 5517,185.39,Tools
Product 5518,962.89,Garden
Product 5519,146.25,Food
Product 5520,656.89,Electronics
Product 5521,153.32,Sports
Product 5522,42.95,Food
Product 5523,196.17,Sports
Product 5524,606.32,Clothing
Product 5525,396.40,Food
Product 5526,218.28,Electronics
Product 5527,951.37,Beauty
Product 5528,749.13,Beauty
Product 5529,368.36,Sports
Product 5530,513.33,Tools
Product 5531,666.59,Toys
Product 5532,637.08,Tools
Product 5533,947.14,Food
Product 5534,593.60,Food
Product 5535,52.37,Tools
Product 5536,770.20,Books
Product 5537,781.62,Home
Product 5538,881.29,Books
Product 5539,372.30,Home
Product 5540,74.96,Clothing
Product 5541,373.19,Books
Product 5542,157.62,Beauty
Product 5543,217.57,Toys
Product 5544,785.92,Sports
Product 5545,967.91,Home
Product 5546,899.26,Garden
Product 5547,446.79,Garden
Product 5548,154.90,Home
Product 5549,873.36,Home
Product 5550,472.50,Beauty
Product 5551,764.05,Toys
Product 5552,493.61,Food
Product 5553,563.07,Sports
Product 5554,886.34,Beauty
Product 5555,80.34,Home
Product 5556,439.94,Clothing
Product 5557,364.93,Electronics
Product 5558,215.18,Tools
Product 5559,829.59,Beauty
Product 5560,33.29,Garden
Product 5561,952.02,Books
Product 5562,181.87,Electronics
Product 5563,89.45,Electronics
Product 5564,389.31,Sports
Product 5565,789.37,Home
Product 5566,666.76,Tools
Product 5567,560.53,Clothing
Product 5568,261.94,Tools
Product 5569,893.79,Food
Product 5570,786.36,Garden
Product 5571,729.67,Food
Product 5572,211.57,Home
Product 5573,643.36,Food
Product 5574,294.00,Home
Product 5575,371.64,Tools
Product 5576,638.99,Books
Product 5577,736.70,Tools
Product 5578,926.83,Sports
Product 5579,416.01,Home
Product 5580,983.65,Clothing
Product 5581,403.54,Home
Product 5582,992.17,Food
Product 5583,423.62,Sports
Product 5584,625.99,Sports
Product 5585,561.97,Garden
Product 5586,455.79,Books
Product 5587,825.18,Garden
Product 5588,567.90,Beauty
Product 5589,906.48,Food
Product 5590,938.19,Food
Product 5591,649.39,Sports
Product 5592,568.25,Beauty
Product 5593,244.72,Food
Product 5594,694.43,Sports
Product 5595,581.06,Clothing
Product 5596,118.92,Clothing
Product 5597,474.97,Electronics
Product 5598,141.06,Home
Product 5599,262.17,Books
Product 5600,644.09,Electronics
Product 5601,685.44,Beauty
Product 5602,595.92,Garden
Product 5603,156.23,Books
Product 5604,827.84,Clothing
Product 5605,948.23,Toys
Product 5606,315.44,Beauty
Product 5607,589.90,Toys
Product 5608,637.88,Toys
Product 5609,443.24,Home
Product 5610,163.91,Beauty
Product 5611,340.57,Clothing
Product 5612,632.83,Toys
Product 5613,758.00,Electronics
Product 5614,785.93,Sports
Product 5615,589.40,Tools
Product 5616,955.69,Books
Product 5617,679.34,Electronics
Product 5618,736.82,Beauty
Product 5619,980.46,Beauty
Product 5620,913.76,Books
Product 5621,426.31,Beauty
Product 5622,435.86,Toys
Product 5623,977.08,Clothing
Product 5624,9.85,Sports
Product 5625,246.38,Food
Product 5626,128.58,Clothing
Product 5627,212.65,Home
Product 5628,830.84,Beauty
Product 5629,96.29,Food
Product 5630,486.07,Books
Product 5631,652.91,Food
Product 5632,555.32,Books
Product 5633,858.28,Food
Product 5634,297.96,Electronics
Product 5635,308.35,Garden
Product 5636,617.43,Garden
Product 5637,53.79,Toys
Product 5638,179.37,Sports
Product 5639,728.20,Clothing
Product 5640,753.87,Food
Product 5641,626.05,Food
Product 5642,551.20,Tools
Product 5643,627.97,Home
Product 5644,370.71,Books
Product 5645,655.38,Home
Product 5646,673.65,Books
Product 5647,153.07,Clothing
Product 5648,24.94,Books
Product 5649,51.97,Garden
Product 5650,591.84,Beauty
Product 5651,435.16,Home
Product 5652,122.59,Clothing
Product 5653,967.80,Electronics
Product 5654,314.39,Toys
Product 5655,506.62,Clothing
Product 5656,825.10,Food
Product 5657,725.93,Food
Product 5658,115.44,Garden
Product 5659,356.95,Beauty
Product 5660,754.35,Home
Product 5661,609.11,Electronics
Product 5662,211.06,Garden
Product 5663,626.33,Food
Product 5664,353.93,Garden
Product 5665,541.09,Clothing
Product 5666,118.40,Tools
Product 5667,832.15,Beauty
Product 5668,868.76,Electronics
Product 5669,701.65,Clothing
Product 5670,789.47,Toys
Product 5671,118.17,Home
Product 5672,83.10,Food
Product 5673,631.26,Beauty
Product 5674,604.00,Beauty
Product 5675,224.35,Beauty
Product 5676,8.46,Food
Product 5677,658.79,Beauty
Product 5678,992.67,Tools
Product 5679,160.31,Books
Product 5680,112.90,Clothing
Product 5681,623.07,Clothing
Product 5682,541.11,Sports
Product 5683,475.98,Food
Product 5684,293.96,Tools
Product 5685,277.28,Tools
Product 5686,783.96,Electronics
Product 5687,268.05,Toys
Product 5688,727.74,Beauty
Product 5689,714.68,Beauty
Product 5690,961.74,Garden
Product 5691,810.11,Books
Product 5692,826.58,Garden
Product 5693,393.53,Books
Product 5694,403.36,Sports
Product 5695,988.55,Toys
Product 5696,720.17,Books
Product 5697,930.87,Tools
Product 5698,132.92,Sports
Product 5699,396.29,Beauty
Product 5700,176.63,Sports
Product 5701,871.23,Food
Product 5702,461.39,Beauty
Product 5703,179.93,Books
Product 5704,38.45,Clothing
Product 5705,650.28,Food
Product 5706,461.40,Clothing
Product 5707,609.02,Sports
Product 5708,210.34,Food
Product 5709,647.62,Clothing
Product 5710,146.91,Beauty
Product 5711,145.81,Toys
Product 5712,390.93,Beauty
Product 5713,880.92,Tools
Product 5714,82.88,Home
Product 5715,514.64,Clothing
Product 5716,340.84,Home
Product 5717,575.52,Sports
Product 5718,646.19,Clothing
Product 5719,483.50,Home
Product 5720,530.61,Sports
Product 5721,666.80,Books
Product 5722,169.18,Tools
Product 5723,732.24,Garden
Product 5724,74.32,Books
Product 5725,206.88,Books
Product 5726,632.48,Sports
Product 5727,690.38,Books
Product 5728,535.30,Clothing
Product 5729,339.97,Electronics
Product 5730,954.60,Home
Product 5731,854.81,Garden
Product 5732,38.30,Books
Product 5733,409.36,Beauty
Product 5734,185.41,Sports
Product 5735,463.82,Home
Product 5736,24.50,Home
Product 5737,57.61,Garden
Product 5738,900.64,Beauty
Product 5739,93.76,Books
Product 5740,528.42,Clothing
Product 5741,218.19,Toys
Product 5742,184.69,Clothing
Product 5743,392.03,Toys
Product 5744,700.30,Toys
Product 5745,516.66,Home
Product 5746,30.65,Tools
Product 5747,144.33,Books
Product 5748,518.36,Food
Product 5749,852.85,Beauty
Product 5750,714.44,Clothing
Product 5751,850.42,Tools
Product 5752,85.07,Home
Product 5753,531.70,Electronics
Product 5754,350.54,Electronics
Product 5755,366.79,Home
Product 5756,217.43,Sports
Product 5757,89.60,Tools
Product 5758,696.03,Clothing
Product 5759,966.59,Home
Product 5760,897.79,Home
Product 5761,188.14,Beauty
Product 5762,657.73,Home
Product 5763,96.03,Toys
Product 5764,757.27,Books
Product 5765,304.58,Electronics
Product 5766,698.23,Home
Product 5767,745.29,Food
Product 5768,932.44,Beauty
Product 5769,856.19,Tools
Product 5770,442.15,Electronics
Product 5771,231.87,Beauty
Product 5772,967.12,Tools
Product 5773,644.16,Beauty
Product 5774,841.11,Garden
Product 5775,217.07,Toys
Product 5776,547.11,Toys
Product 5777,540.12,Sports
Product 5778,979.70,Books
Product 5779,36.26,Beauty
Product 5780,433.66,Home
Product 5781,260.47,Garden
Product 5782,810.16,Tools
Product 5783,290.79,Sports
Product 5784,89.59,Books
Product 5785,859.17,Books
Product 5786,873.98,Electronics
Product 5787,501.99,Garden
Product 5788,749.16,Food
Product 5789,654.37,Toys
Product 5790,891.45,Home
Product 5791,746.12,Electronics
Product 5792,847.34,Beauty
Product 5793,577.03,Sports
Product 5794,418.43,Food
Product 5795,110.48,Books
Product 5796,830.40,Toys
Product 5797,15.78,Toys
Product 5798,491.88,Beauty
Product 5799,313.57,Clothing
Product 5800,929.94,Garden
Product 5801,437.16,Electronics
Product 5802,892.78,Garden
Product 5803,782.11,Home
Product 5804,246.29,Sports
Product 5805,880.88,Electronics
Product 5806,508.69,Clothing
Product 5807,948.72,Beauty
Product 5808,488.71,Beauty
Product 5809,65.63,Toys
Product 5810,886.86,Clothing
Product 5811,60.05,Garden
Product 5812,838.60,Food
Product 5813,400.96,Clothing
Product 5814,952.66,Sports
Product 5815,338.21,Sports
Product 5816,81.04,Clothing
Product 5817,830.77,Books
Product 5818,776.77,Clothing
Product 5819,907.33,Electronics
Product 5820,44.96,Garden
Product 5821,60.68,Tools
Product 5822,45.63,Clothing
Product 5823,415.64,Electronics
Product 5824,900.87,Clothing
Product 5825,296.84,Food
Product 5826,853.91,Tools
Product 5827,855.38,Toys
Product 5828,830.02,Beauty
Product 5829,391.63,Home
Product 5830,940.57,Home
Product 5831,91.10,Electronics
Product 5832,448.56,Sports
Product 5833,412.38,Food
Product 5834,114.18,Electronics
Product 5835,751.40,Clothing
Product 5836,666.50,Garden
Product 5837,905.47,Clothing
Product 5838,770.13,Sports
Product 5839,932.72,Electronics
Product 5840,613.00,Beauty
Product 5841,128.37,Toys
Product 5842,340.71,Food
Product 5843,514.34,Tools
Product 5844,124.48,Food
Product 5845,129.92,Beauty
Product 5846,681.57,Tools
Product 5847,603.16,Food
Product 5848,782.00,Home
Product 5849,698.23,Electronics
Product 5850,635.04,Electronics
Product 5851,335.11,Books
Product 5852,440.68,Food
Product 5853,11.41,Beauty
Product 5854,54.59,Sports
Product 5855,156.05,Garden
Product 5856,747.72,Tools
Product 5857,203.20,Clothing
Product 5858,854.58,Clothing
Product 5859,495.43,Tools
Product 5860,657.02,Books
Product 5861,817.20,Toys
Product 5862,848.87,Clothing
Product 5863,79.74,Books
Product 5864,205.55,Beauty
Product 5865,686.30,Beauty
Product 5866,280.23,Food
Product 5867,195.42,Sports
Product 5868,98.11,Electronics
Product 5869,724.88,Clothing
Product 5870,918.77,Tools
Product 5871,997.48,Garden
Product 5872,191.84,Garden
Product 5873,698.25,Garden
Product 5874,669.34,Home
Product 5875,916.94,Home
Product 5876,591.35,Electronics
Product 5877,723.85,Toys
Product 5878,529.40,Clothing
Product 5879,303.91,Books
Product 5880,506.68,Garden
Product 5881,324.83,Garden
Product 5882,281.25,Books
Product 5883,936.11,Beauty
Product 5884,782.12,Toys
Product 5885,137.93,Electronics
Product 5886,340.64,Clothing
Product 5887,340.89,Electronics
Product 5888,431.44,Electronics
Product 5889,805.45,Clothing
Product 5890,765.19,Tools
Product 5891,680.32,Sports
Product 5892,408.58,Sports
Product 5893,901.83,Electronics
Product 5894,736.61,Electronics
Product 5895,393.34,Tools
Product 5896,822.73,Books
Product 5897,602.37,Beauty
Product 5898,789.32,Beauty
Product 5899,288.70,Food
Product 5900,294.86,Electronics
Product 5901,50.81,Home
Product 5902,829.91,Tools
Product 5903,103.02,Toys
Product 5904,249.93,Home
Product 5905,239.03,Sports
Product 5906,706.84,Clothing
Product 5907,78.30,Home
Product 5908,579.07,Sports
Product 5909,573.99,Tools
Product 5910,819.53,Sports
Product 5911,695.68,Electronics
Product 5912,957.47,Books
Product 5913,730.43,Sports
Product 5914,938.98,Home
Product 5915,623.84,Home
Product 5916,567.65,Beauty
Product 5917,586.72,Tools
Product 5918,413.02,Clothing
Product 5919,795.00,Books
Product 5920,557.78,Clothing
Product 5921,17.48,Electronics
Product 5922,458.42,Clothing
Product 5923,102.99,Garden
Product 5924,295.96,Sports
Product 5925,652.58,Tools
Product 5926,837.78,Home
Product 5927,358.67,Beauty
Product 5928,198.34,Sports
Product 5929,593.05,Electronics
Product 5930,685.35,Beauty
Product 5931,792.24,Home
Product 5932,739.15,Home
Product 5933,561.44,Beauty
Product 5934,890.00,Toys
Product 5935,960.11,Food
Product 5936,818.72,Toys
Product 5937,603.14,Electronics
Product 5938,586.14,Clothing
Product 5939,207.42,Beauty
Product 5940,924.78,Garden
Product 5941,601.14,Toys
Product 5942,324.74,Sports
Product 5943,943.47,Clothing
Product 5944,688.92,Home
Product 5945,746.94,Tools
Product 5946,471.76,Books
Product 5947,224.45,Tools
Product 5948,846.57,Food
Product 5949,255.68,Beauty
Product 5950,327.98,Beauty
Product 5951,572.15,Food
Product 5952,283.51,Books
Product 5953,810.68,Sports
Product 5954,565.85,Garden
Product 5955,821.71,Garden
Product 5956,178.02,Electronics
Product 5957,856.87,Electronics
Product 5958,701.25,Food
Product 5959,892.88,Toys
Product 5960,32.90,Books
Product 5961,775.41,Clothing
Product 5962,411.32,Clothing
Product 5963,38.57,Garden
Product 5964,171.56,Tools
Product 5965,999.32,Garden
Product 5966,689.77,Clothing
Product 5967,308.70,Tools
Product 5968,138.93,Beauty
Product 5969,785.85,Books
Product 5970,88.22,Books
Product 5971,418.12,Home
Product 5972,822.18,Beauty
Product 5973,386.98,Tools
Product 5974,364.40,Electronics
Product 5975,739.66,Beauty
Product 5976,109.99,Sports
Product 5977,356.64,Food
Product 5978,645.83,Electronics
Product 5979,206.36,Books
Product 5980,62.18,Sports
Product 5981,561.51,Beauty
Product 5982,83.02,Food
Product 5983,355.90,Food
Product 5984,953.90,Toys
Product 5985,314.33,Home
Product 5986,639.04,Toys
Product 5987,508.28,Clothing
Product 5988,470.95,Books
Product 5989,832.00,Electronics
Product 5990,862.00,Food
Product 5991,146.10,Sports
Product 5992,300.09,Home
Product 5993,771.98,Electronics
Product 5994,920.49,Electronics
Product 5995,752.10,Beauty
Product 5996,108.41,Clothing
Product 5997,680.08,Home
Product 5998,810.96,Clothing
Product 5999,896.39,Sports
Product 6000,111.90,Food
Product 6001,111.47,Home
Product 6002,610.31,Home
Product 6003,934.61,Food
Product 6004,876.40,Beauty
Product 6005,452.42,Garden
Product 6006,553.89,Clothing
Product 6007,519.33,Books
Product 6008,408.95,Garden
Product 6009,829.58,Sports
Product 6010,713.96,Food
Product 6011,162.64,Beauty
Product 6012,233.05,Books
Product 6013,223.17,Garden
Product 6014,156.13,Books
Product 6015,846.77,Home
Product 6016,215.35,Toys
Product 6017,901.26,Electronics
Product 6018,66.29,Electronics
Product 6019,563.90,Tools
Product 6020,996.07,Home
Product 6021,595.09,Beauty
Product 6022,708.60,Garden
Product 6023,785.77,Beauty
Product 6024,515.20,Garden
Product 6025,296.55,Sports
Product 6026,144.92,Food
Product 6027,931.71,Beauty
Product 6028,755.17,Garden
Product 6029,228.96,Books
Product 6030,570.17,Home
Product 6031,486.64,Electronics
Product 6032,295.15,Food
Product 6033,132.31,Home
Product 6034,857.21,Home
Product 6035,400.99,Clothing
Product 6036,595.16,Books
Product 6037,369.78,Sports
Product 6038,997.89,Tools
Product 6039,462.55,Electronics
Product 6040,561.04,Home
Product 6041,257.87,Garden
Product 6042,888.18,Home
Product 6043,449.92,Garden
Product 6044,356.59,Tools
Product 6045,931.46,Clothing
Product 6046,396.74,Electronics
Product 6047,263.94,Toys
Product 6048,769.92,Sports
Product 6049,73.43,Food
Product 6050,566.34,Garden
Product 6051,93.05,Food
Product 6052,761.68,Sports
Product 6053,439.45,Clothing
Product 6054,853.39,Food
Product 6055,9.38,Electronics
Product 6056,567.77,Books
Product 6057,551.96,Tools
Product 6058,254.76,Garden
Product 6059,607.10,Toys
Product 6060,634.68,Toys
Product 6061,819.96,Electronics
Product 6062,8.44,Sports
Product 6063,303.05,Electronics
Product 6064,261.43,Sports
Product 6065,739.80,Toys
Product 6066,55.65,Toys
Product 6067,746.82,Beauty
Product 6068,505.96,Sports
Product 6069,517.35,Books
Product 6070,220.14,Sports
Product 6071,940.14,Electronics
Product 6072,304.15,Clothing
Product 6073,202.84,Electronics
Product 6074,134.83,Clothing
Product 6075,692.33,Tools
Product 6076,456.59,Home
Product 6077,324.96,Garden
Product 6078,725.79,Home
Product 6079,157.53,Clothing
Product 6080,313.41,Garden
Product 6081,454.04,Books
Product 6082,914.57,Books
Product 6083,974.94,Clothing
Product 6084,451.27,Books
Product 6085,729.39,Beauty
Product 6086,904.12,Tools
Product 6087,902.17,Sports
Product 6088,974.64,Home
Product 6089,392.28,Sports
Product 6090,98.19,Sports
Product 6091,506.37,Clothing
Product 6092,80.65,Tools
Product 6093,572.21,Clothing
Product 6094,383.79,Garden
Product 6095,371.73,Tools
Product 6096,35.05,Garden
Product 6097,708.52,Tools
Product 6098,859.02,Books
Product 6099,731.43,Home
Product 6100,806.08,Books
Product 6101,934.33,Food
Product 6102,797.30,Electronics
Product 6103,276.82,Books
Product 6104,647.56,Books
Product 6105,74.33,Electronics
Product 6106,712.87,Books
Product 6107,535.73,Tools
Product 6108,824.39,Books
Product 6109,228.02,Toys
Product 6110,826.50,Tools
Product 6111,348.82,Books
Product 6112,491.36,Garden
Product 6113,981.41,Sports
Product 6114,219.29,Beauty
Product 6115,683.41,Home
Product 6116,823.88,Toys
Product 6117,344.37,Beauty
Product 6118,544.11,Sports
Product 6119,518.36,Garden
Product 6120,31.65,Home
Product 6121,753.24,Beauty
Product 6122,158.45,Beauty
Product 6123,171.57,Food
Product 6124,761.13,Tools
Product 6125,223.65,Toys
Product 6126,371.70,Clothing
Product 6127,437.34,Sports
Product 6128,478.42,Beauty
Product 6129,555.03,Food
Product 6130,304.01,Tools
Product 6131,952.24,Toys
Product 6132,738.96,Sports
Product 6133,79.04,Clothing
Product 6134,778.77,Books
Product 6135,10.42,Books
Product 6136,733.82,Books
Product 6137,308.82,Toys
Product 6138,558.53,Garden
Product 6139,842.04,Clothing
Product 6140,376.83,Sports
Product 6141,841.08,Beauty
Product 6142,808.19,Food
Product 6143,55.93,Garden
Product 6144,151.41,Clothing
Product 6145,28.93,Clothing
Product 6146,492.87,Garden
Product 6147,729.57,Home
Product 6148,874.04,Garden
Product 6149,811.18,Food
Product 6150,31.95,Books
Product 6151,443.76,Electronics
Product 6152,100.28,Home
Product 6153,789.28,Clothing
Product 6154,355.06,Food
Product 6155,119.59,Home
Product 6156,677.89,Tools
Product 6157,925.34,Books
Product 6158,816.37,Clothing
Product 6159,112.09,Garden
Product 6160,707.19,Garden
Product 6161,126.35,Sports
Product 6162,331.50,Sports
Product 6163,324.48,Sports
Product 6164,479.62,Beauty
Product 6165,513.29,Sports
Product 6166,491.26,Home
Product 6167,891.88,Sports
Product 6168,723.56,Garden
Product 6169,819.00,Food
Product 6170,623.79,Electronics
Product 6171,111.47,Electronics
Product 6172,648.50,Garden
Product 6173,987.35,Books
Product 6174,872.15,Books
Product 6175,792.18,Food
Product 6176,409.02,Garden
Product 6177,976.51,Toys
Product 6178,524.16,Books
Product 6179,727.18,Food
Product 6180,966.65,Tools
Product 6181,817.82,Sports
Product 6182,41.51,Books
Product 6183,173.14,Tools
Product 6184,416.51,Sports
Product 6185,262.69,Garden
Product 6186,63.00,Home
Product 6187,501.01,Beauty
Product 6188,884.88,Garden
Product 6189,25.74,Food
Product 6190,377.91,Garden
Product 6191,856.61,Food
Product 6192,809.95,Home
Product 6193,989.34,Books
Product 6194,641.90,Tools
Product 6195,115.84,Sports
Product 6196,795.15,Clothing
Product 6197,38.69,Sports
Product 6198,562.87,Toys
Product 6199,851.98,Beauty
Product 6200,872.43,Clothing
Product 6201,348.27,Clothing
Product 6202,539.48,Clothing
Product 6203,874.54,Beauty
Product 6204,156.69,Toys
Product 6205,753.67,Sports
Product 6206,890.41,Electronics
Product 6207,887.73,Electronics
Product 6208,269.73,Toys
Product 6209,475.68,Tools
Product 6210,747.60,Beauty
Product 6211,237.12,Sports
Product 6212,525.91,Tools
Product 6213,44.49,Sports
Product 6214,478.92,Toys
Product 6215,153.49,Beauty
Product 6216,62.31,Books
Product 6217,980.99,Tools
Product 6218,989.75,Food
Product 6219,417.91,Electronics
Product 6220,740.55,Sports
Product 6221,134.15,Home
Product 6222,882.53,Sports
Product 6223,626.90,Tools
Product 6224,969.60,Tools
Product 6225,672.88,Electronics
Product 6226,486.58,Toys
Product 6227,358.97,Electronics
Product 6228,876.75,Beauty
Product 6229,44.92,Home
Product 6230,700.04,Toys
Product 6231,318.49,Home
Product 6232,418.89,Food
Product 6233,77.64,Garden
Product 6234,30.11,Tools
Product 6235,485.33,Electronics
Product 6236,188.26,Beauty
Product 6237,326.45,Electronics
Product 6238,587.88,Food
Product 6239,373.28,Beauty
Product 6240,679.77,Toys
Product 6241,131.89,Garden
Product 6242,566.38,Food
Product 6243,77.76,Clothing
Product 6244,173.51,Home
Product 6245,787.30,Clothing
Product 6246,143.96,Books
Product 6247,92.09,Books
Product 6248,665.59,Electronics
Product 6249,512.83,Books
Product 6250,584.76,Sports
Product 6251,844.52,Electronics
Product 6252,322.00,Beauty
Product 6253,244.30,Food
Product 6254,498.66,Food
Product 6255,83.56,Tools
Product 6256,699.76,Books
Product 6257,504.68,Beauty
Product 6258,507.54,Books
Product 6259,827.54,Books
Product 6260,429.23,Electronics
Product 6261,320.99,Clothing
Product 6262,303.14,Garden
Product 6263,984.79,Sports
Product 6264,290.68,Sports
Product 6265,148.80,Food
Product 6266,609.48,Food
Product 6267,387.61,Garden
Product 6268,404.05,Toys
Product 6269,719.92,Home
Product 6270,397.92,Toys
Product 6271,925.95,Home
Product 6272,54.44,Toys
Product 6273,216.46,Books
Product 6274,875.84,Sports
Product 6275,849.68,Home
Product 6276,190.49,Sports
Product 6277,595.10,Toys
Product 6278,916.47,Beauty
Product 6279,957.86,Sports
Product 6280,566.00,Garden
Product 6281,721.72,Sports
Product 6282,424.49,Beauty
Product 6283,843.86,Toys
Product 6284,350.22,Home
Product 6285,168.63,Sports
Product 6286,687.11,Garden
Product 6287,557.34,Garden
Product 6288,432.81,Tools
Product 6289,416.24,Toys
Product 6290,739.36,Sports
Product 6291,12.10,Books
Product 6292,897.30,Electronics
Product 6293,405.74,Garden
Product 6294,857.34,Beauty
Product 6295,483.38,Garden
Product 6296,846.50,Home
Product 6297,825.04,Toys
Product 6298,856.06,Sports
Product 6299,443.78,Sports
Product 6300,855.21,Food
Product 6301,40.34,Sports
Product 6302,754.08,Tools
Product 6303,319.80,Books
Product 6304,992.90,Sports
Product 6305,679.41,Books
Product 6306,777.34,Garden
Product 6307,536.72,Toys
Product 6308,209.52,Toys
Product 6309,607.77,Beauty
Product 6310,686.28,Home
Product 6311,305.85,Home
Product 6312,417.11,Garden
Product 6313,155.79,Food
Product 6314,421.59,Books
Product 6315,422.67,Food
Product 6316,780.60,Food
Product 6317,29.20,Tools
Product 6318,112.20,Clothing
Product 6319,311.04,Books
Product 6320,779.76,Tools
Product 6321,664.63,Clothing
Product 6322,558.74,Electronics
Product 6323,727.51,Sports
Product 6324,299.44,Food
Product 6325,8.33,Toys
Product 6326,467.82,Garden
Product 6327,558.32,Food
Product 6328,396.97,Tools
Product 6329,76.06,Food
Product 6330,942.99,Garden
Product 6331,529.41,Home
Product 6332,6.82,Toys
Product 6333,475.79,Clothing
Product 6334,33.15,Food
Product 6335,514.67,Sports
Product 6336,344.38,Food
Product 6337,957.62,Home
Product 6338,826.65,Food
Product 6339,130.66,Books
Product 6340,107.87,Electronics
Product 6341,888.75,Tools
Product 6342,30.52,Sports
Product 6343,511.42,Home
Product 6344,609.46,Beauty
Product 6345,100.02,Books
Product 6346,970.34,Clothing
Product 6347,611.30,Books
Product 6348,675.40,Home
Product 6349,847.22,Electronics
Product 6350,506.03,Beauty
Product 6351,127.73,Garden
Product 6352,604.70,Home
Product 6353,621.64,Beauty
Product 6354,431.74,Food
Product 6355,414.47,Tools
Product 6356,328.01,Clothing
Product 6357,358.81,Garden
Product 6358,751.27,Beauty
Product 6359,140.49,Home
Product 6360,902.82,Clothing
Product 6361,456.46,Tools
Product 6362,341.76,Food
Product 6363,478.38,Home
Product 6364,978.26,Garden
Product 6365,514.62,Tools
Product 6366,221.67,Books
Product 6367,337.53,Clothing
Product 6368,434.75,Beauty
Product 6369,479.14,Food
Product 6370,947.74,Beauty
Product 6371,138.74,Home
Product 6372,544.61,Home
Product 6373,334.49,Clothing
Product 6374,927.75,Sports
Product 6375,814.30,Toys
Product 6376,857.22,Clothing
Product 6377,875.15,Sports
Product 6378,696.37,Home
Product 6379,408.27,Beauty
Product 6380,580.25,Sports
Product 6381,249.92,Garden
Product 6382,738.52,Beauty
Product 6383,326.81,Food
Product 6384,70.58,Beauty
Product 6385,300.22,Home
Product 6386,765.24,Food
Product 6387,654.41,Tools
Product 6388,303.15,Electronics
Product 6389,867.06,Books
Product 6390,465.85,Electronics
Product 6391,826.61,Home
Product 6392,108.39,Clothing
Product 6393,883.01,Garden
Product 6394,990.45,Books
Product 6395,20.92,Beauty
Product 6396,220.83,Home
Product 6397,524.25,Toys
Product 6398,892.53,Tools
Product 6399,522.86,Electronics
Product 6400,177.67,Sports
Product 6401,774.56,Beauty
Product 6402,475.47,Books
Product 6403,909.16,Beauty
Product 6404,548.84,Garden
Product 6405,176.64,Home
Product 6406,745.12,Clothing
Product 6407,30.72,Home
Product 6408,914.60,Beauty
Product 6409,602.32,Books
Product 6410,640.51,Beauty
Product 6411,463.80,Books
Product 6412,90.85,Books
Product 6413,500.52,Toys
Product 6414,639.62,Sports
Product 6415,743.77,Electronics
Product 6416,596.72,Toys
Product 6417,246.39,Home
Product 6418,920.76,Clothing
Product 6419,125.66,Home
Product 6420,940.46,Clothing
Product 6421,717.62,Clothing
Product 6422,5.70,Home
Product 6423,414.94,Clothing
Product 6424,682.42,Clothing
Product 6425,708.94,Books
Product 6426,313.71,Clothing
Product 6427,428.56,Clothing
Product 6428,849.60,Books
Product 6429,954.36,Books
Product 6430,906.99,Garden
Product 6431,934.68,Clothing
Product 6432,477.73,Garden
Product 6433,546.27,Books
Product 6434,735.79,Home
Product 6435,866.23,Sports
Product 6436,911.26,Home
Product 6437,29.90,Tools
Product 6438,64.22,Garden
Product 6439,742.38,Home
Product 6440,896.72,Clothing
Product 6441,432.63,Beauty
Product 6442,844.79,Books
Product 6443,927.52,Food
Product 6444,244.57,Toys
Product 6445,491.55,Food
Product 6446,96.63,Sports
Product 6447,475.43,Books
Product 6448,741.82,Toys
Product 6449,165.26,Food
Product 6450,667.12,Clothing
Product 6451,588.64,Tools
Product 6452,556.57,Garden
Product 6453,294.32,Sports
Product 6454,75.20,Tools
Product 6455,732.08,Home
Product 6456,34.69,Garden
Product 6457,740.05,Food
Product 6458,866.53,Tools
Product 6459,359.39,Garden
Product 6460,901.84,Food
Product 6461,709.66,Electronics
Product 6462,487.10,Home
Product 6463,342.82,Sports
Product 6464,541.30,Sports
Product 6465,683.34,Food
Product 6466,441.77,Toys
Product 6467,125.62,Clothing
Product 6468,742.41,Electronics
Product 6469,638.42,Toys
Product 6470,796.75,Electronics
Product 6471,846.87,Home
Product 6472,90.55,Tools
Product 6473,286.71,Tools
Product 6474,958.02,Books
Product 6475,603.93,Toys
Product 6476,734.23,Clothing
Product 6477,808.53,Electronics
Product 6478,148.56,Sports
Product 6479,146.70,Home
Product 6480,45.22,Home
Product 6481,893.07,Tools
Product 6482,377.28,Sports
Product 6483,77.12,Home
Product 6484,273.43,Toys
Product 6485,907.35,Beauty
Product 6486,230.01,Home
Product 6487,799.76,Sports
Product 6488,575.20,Tools
Product 6489,358.12,Beauty
Product 6490,460.06,Toys
Product 6491,110.29,Toys
Product 6492,188.32,Books
Product 6493,679.88,Garden
Product 6494,937.82,Books
Product 6495,220.20,Food
Product 6496,868.89,Garden
Product 6497,614.63,Books
Product 6498,605.87,Home
Product 6499,292.67,Books
Product 6500,955.74,Food
Product 6501,576.34,Toys
Product 6502,79.32,Garden
Product 6503,731.85,Sports
Product 6504,799.34,Garden
Product 6505,11.92,Tools
Product 6506,430.96,Tools
Product 6507,687.91,Toys
Product 6508,874.80,Garden
Product 6509,810.21,Books
Product 6510,931.44,Garden
Product 6511,162.58,Beauty
Product 6512,546.30,Garden
Product 6513,911.98,Books
Product 6514,165.51,Food
Product 6515,245.57,Food
Product 6516,714.04,Home
Product 6517,839.97,Sports
Product 6518,544.19,Home
Product 6519,578.77,Clothing
Product 6520,87.36,Beauty
Product 6521,327.98,Electronics
Product 6522,153.43,Clothing
Product 6523,325.82,Tools
Product 6524,102.43,Food
Product 6525,639.56,Garden
Product 6526,742.67,Home
Product 6527,853.07,Beauty
Product 6528,271.37,Tools
Product 6529,206.22,Clothing
Product 6530,879.26,Clothing
Product 6531,9.47,Home
Product 6532,739.67,Toys
Product 6533,75.71,Garden
Product 6534,90.97,Tools
Product 6535,60.06,Home
Product 6536,783.11,Clothing
Product 6537,673.59,Beauty
Product 6538,890.27,Books
Product 6539,163.72,Beauty
Product 6540,45.77,Toys
Product 6541,218.08,Home
Product 6542,940.28,Tools
Product 6543,121.17,Electronics
Product 6544,714.96,Electronics
Product 6545,895.27,Tools
Product 6546,523.44,Electronics
Product 6547,108.22,Beauty
Product 6548,182.07,Garden
Product 6549,538.49,Books
Product 6550,187.38,Toys
Product 6551,729.34,Garden
Product 6552,356.66,Clothing
Product 6553,839.94,Clothing
Product 6554,853.26,Tools
Product 6555,161.75,Tools
Product 6556,768.44,Home
Product 6557,686.80,Electronics
Product 6558,583.41,Tools
Product 6559,6.93,Toys
Product 6560,520.49,Toys
Product 6561,457.01,Electronics
Product 6562,701.45,Home
Product 6563,650.71,Sports
Product 6564,567.96,Books
Product 6565,580.35,Beauty
Product 6566,387.52,Toys
Product 6567,112.62,Garden
Product 6568,55.46,Electronics
Product 6569,772.47,Clothing
Product 6570,876.16,Clothing
Product 6571,76.46,Tools
Product 6572,10.15,Beauty
Product 6573,187.35,Beauty
Product 6574,275.68,Food
Product 6575,313.92,Beauty
Product 6576,918.31,Tools
Product 6577,320.70,Beauty
Product 6578,680.05,Food
Product 6579,811.67,Beauty
Product 6580,78.83,Electronics
Product 6581,390.72,Clothing
Product 6582,49.26,Home
Product 6583,850.51,Garden
Product 6584,475.00,Beauty
Product 6585,203.86,Clothing
Product 6586,333.04,Electronics
Product 6587,240.83,Electronics
Product 6588,167.55,Garden
Product 6589,539.40,Garden
Product 6590,383.27,Beauty
Product 6591,41.54,Food
Product 6592,713.49,Sports
Product 6593,353.97,Beauty
Product 6594,786.92,Sports
Product 6595,903.53,Electronics
Product 6596,246.39,Tools
Product 6597,596.82,Tools
Product 6598,547.72,Food
Product 6599,640.00,Garden
Product 6600,185.29,Electronics
Product 6601,509.93,Electronics
Product 6602,70.89,Garden
Product 6603,554.00,Sports
Product 6604,9.67,Home
Product 6605,41.58,Books
Product 6606,520.41,Sports
Product 6607,702.37,Beauty
Product 6608,8.07,Home
Product 6609,983.96,Books
Product 6610,256.74,Beauty
Product 6611,558.62,Electronics
Product 6612,576.90,Toys
Product 6613,17.47,Home
Product 6614,293.48,Electronics
Product 6615,542.41,Books
Product 6616,459.61,Clothing
Product 6617,167.55,Toys
Product 6618,40.47,Home
Product 6619,566.21,Beauty
Product 6620,660.63,Books
Product 6621,188.24,Electronics
Product 6622,521.79,Home
Product 6623,955.00,Tools
Product 6624,555.09,Clothing
Product 6625,617.62,Beauty
Product 6626,855.60,Electronics
Product 6627,410.27,Beauty
Product 6628,386.15,Food
Product 6629,995.75,Tools
Product 6630,455.94,Books
Product 6631,438.00,Clothing
Product 6632,326.25,Garden
Product 6633,561.11,Tools
Product 6634,154.59,Electronics
Product 6635,135.38,Electronics
Product 6636,417.41,Food
Product 6637,909.82,Home
Product 6638,104.46,Home
Product 6639,29.02,Food
Product 6640,369.03,Beauty
Product 6641,178.09,Garden
Product 6642,172.89,Sports
Product 6643,157.45,Sports
Product 6644,923.79,Books
Product 6645,366.48,Home
Product 6646,124.74,Food
Product 6647,626.60,Garden
Product 6648,946.52,Books
Product 6649,10.81,Beauty
Product 6650,106.53,Food
Product 6651,466.45,Clothing
Product 6652,772.16,Beauty
Product 6653,904.28,Food
Product 6654,411.62,Beauty
Product 6655,641.80,Beauty
Product 6656,451.51,Toys
Product 6657,622.21,Clothing
Product 6658,507.14,Home
Product 6659,274.00,Beauty
Product 6660,285.17,Sports
Product 6661,442.98,Home
Product 6662,165.68,Sports
Product 6663,724.76,Home
Product 6664,49.13,Food
Product 6665,187.01,Home
Product 6666,163.51,Garden
Product 6667,785.07,Sports
Product 6668,244.79,Home
Product 6669,10.64,Sports
Product 6670,704.09,Tools
Product 6671,76.90,Electronics
Product 6672,526.32,Clothing
Product 6673,866.59,Food
Product 6674,260.09,Electronics
Product 6675,608.17,Tools
Product 6676,571.17,Home
Product 6677,899.51,Toys
Product 6678,200.41,Electronics
Product 6679,66.23,Tools
Product 6680,468.38,Garden
Product 6681,610.13,Food
Product 6682,545.70,Toys
Product 6683,461.03,Sports
Product 6684,259.08,Electronics
Product 6685,671.15,Food
Product 6686,875.18,Beauty
Product 6687,636.37,Toys
Product 6688,380.48,Sports
Product 6689,465.25,Home
Product 6690,92.48,Sports
Product 6691,622.54,Tools
Product 6692,597.14,Electronics
Product 6693,221.90,Clothing
Product 6694,624.11,Books
Product 6695,896.26,Books
Product 6696,676.01,Tools
Product 6697,561.49,Sports
Product 6698,594.29,Home
Product 6699,81.32,Books
Product 6700,776.06,Toys
Product 6701,63.17,Garden
Product 6702,730.48,Sports
Product 6703,805.34,Books
Product 6704,991.98,Beauty
Product 6705,770.67,Electronics
Product 6706,977.07,Food
Product 6707,23.58,Books
Product 6708,562.12,Sports
Product 6709,239.80,Food
Product 6710,987.62,Sports
Product 6711,157.79,Tools
Product 6712,487.69,Food
Product 6713,334.80,Sports
Product 6714,239.48,Sports
Product 6715,589.76,Books
Product 6716,128.21,Beauty
Product 6717,320.18,Beauty
Product 6718,698.14,Tools
Product 6719,693.29,Electronics
Product 6720,914.61,Food
Product 6721,233.65,Home
Product 6722,991.76,Sports
Product 6723,106.78,Toys
Product 6724,897.43,Home
Product 6725,866.00,Home
Product 6726,853.46,Toys
Product 6727,589.99,Electronics
Product 6728,967.89,Tools
Product 6729,522.76,Sports
Product 6730,592.75,Electronics
Product 6731,825.06,Toys
Product 6732,292.81,Sports
Product 6733,201.81,Books
Product 6734,518.49,Garden
Product 6735,918.90,Beauty
Product 6736,256.73,Electronics
Product 6737,810.46,Toys
Product 6738,723.97,Books
Product 6739,610.00,Home
Product 6740,955.21,Beauty
Product 6741,771.43,Tools
Product 6742,287.37,Food
Product 6743,131.33,Clothing
Product 6744,61.45,Home
Product 6745,799.82,Books
Product 6746,6.93,Sports
Product 6747,495.16,Food
Product 6748,931.17,Clothing
Product 6749,82.39,Food
Product 6750,761.12,Home
Product 6751,672.04,Sports
Product 6752,669.61,Beauty
Product 6753,558.27,Books
Product 6754,493.16,Beauty
Product 6755,627.90,Food
Product 6756,967.41,Toys
Product 6757,453.47,Tools
Product 6758,981.08,Electronics
Product 6759,60.86,Electronics
Product 6760,153.49,Electronics
Product 6761,254.95,Clothing
Product 6762,821.54,Tools
Product 6763,353.38,Sports
Product 6764,186.51,Garden
Product 6765,693.13,Sports
Product 6766,621.41,Food
Product 6767,575.28,Sports
Product 6768,931.86,Clothing
Product 6769,689.06,Clothing
Product 6770,997.50,Tools
Product 6771,983.08,Toys
Product 6772,42.55,Sports
Product 6773,317.67,Clothing
Product 6774,972.97,Beauty
Product 6775,381.08,Toys
Product 6776,162.20,Beauty
Product 6777,589.33,Home
Product 6778,370.90,Home
Product 6779,784.77,Tools
Product 6780,949.96,Beauty
Product 6781,320.20,Electronics
Product 6782,760.98,Tools
Product 6783,420.95,Home
Product 6784,265.09,Books
Product 6785,220.90,Food
Product 6786,363.71,Garden
Product 6787,573.85,Clothing
Product 6788,483.30,Beauty
Product 6789,169.63,Beauty
Product 6790,658.67,Clothing
Product 6791,507.15,Tools
Product 6792,885.67,Electronics
Product 6793,232.72,Books
Product 6794,712.14,Toys
Product 6795,651.54,Home
Product 6796,166.65,Toys
Product 6797,486.53,Food
Product 6798,921.22,Garden
Product 6799,26.39,Tools
Product 6800,420.70,Electronics
Product 6801,434.80,Home
Product 6802,904.99,Food
Product 6803,320.96,Books
Product 6804,796.49,Sports
Product 6805,373.35,Clothing
Product 6806,410.43,Home
Product 6807,82.37,Beauty
Product 6808,875.80,Sports
Product 6809,627.05,Toys
Product 6810,133.65,Toys
Product 6811,946.23,Toys
Product 6812,160.91,Books
Product 6813,780.65,Beauty
Product 6814,764.41,Sports
Product 6815,374.28,Toys
Product 6816,676.21,Clothing
Product 6817,664.26,Sports
Product 6818,885.53,Home
Product 6819,480.02,Food
Product 6820,776.13,Electronics
Product 6821,131.59,Electronics
Product 6822,426.68,Garden
Product 6823,442.70,Home
Product 6824,186.54,Sports
Product 6825,375.59,Tools
Product 6826,506.94,Food
Product 6827,613.30,Clothing
Product 6828,190.33,Beauty
Product 6829,834.02,Clothing
Product 6830,774.46,Books
Product 6831,702.52,Toys
Product 6832,836.41,Home
Product 6833,390.21,Toys
Product 6834,63.50,Clothing
Product 6835,49.83,Home
Product 6836,576.07,Electronics
Product 6837,360.79,Books
Product 6838,236.84,Food
Product 6839,589.44,Garden
Product 6840,504.50,Clothing
Product 6841,361.98,Sports
Product 6842,297.75,Toys
Product 6843,511.46,Home
Product 6844,816.70,Food
Product 6845,63.61,Sports
Product 6846,677.02,Tools
Product 6847,645.12,Home
Product 6848,537.47,Books
Product 6849,555.03,Food
Product 6850,96.00,Clothing
Product 6851,442.35,Clothing
Product 6852,915.20,Beauty
Product 6853,775.72,Beauty
Product 6854,889.35,Food
Product 6855,545.38,Garden
Product 6856,254.19,Home
Product 6857,292.46,Sports
Product 6858,128.91,Garden
Product 6859,889.51,Clothing
Product 6860,350.13,Books
Product 6861,971.43,Books
Product 6862,872.31,Electronics
Product 6863,259.83,Food
Product 6864,468.44,Sports
Product 6865,348.30,Beauty
Product 6866,307.91,Home
Product 6867,757.08,Tools
Product 6868,186.39,Electronics
Product 6869,711.45,Garden
Product 6870,568.47,Garden
Product 6871,815.44,Toys
Product 6872,209.89,Tools
Product 6873,29.58,Beauty
Product 6874,812.18,Garden
Product 6875,775.79,Sports
Product 6876,688.37,Tools
Product 6877,470.97,Food
Product 6878,793.68,Home
Product 6879,964.04,Electronics
Product 6880,537.73,Food
Product 6881,159.70,Clothing
Product 6882,204.24,Clothing
Product 6883,153.31,Clothing
Product 6884,284.08,Beauty
Product 6885,22.43,Books
Product 6886,583.45,Toys
Product 6887,523.11,Garden
Product 6888,51.78,Clothing
Product 6889,360.89,Toys
Product 6890,542.56,Sports
Product 6891,965.37,Tools
Product 6892,68.80,Clothing
Product 6893,404.29,Beauty
Product 6894,81.87,Tools
Product 6895,448.68,Electronics
Product 6896,505.56,Tools
Product 6897,781.77,Garden
Product 6898,390.99,Food
Product 6899,601.22,Food
Product 6900,234.20,Clothing
Product 6901,498.35,Garden
Product 6902,76.16,Clothing
Product 6903,958.36,Sports
Product 6904,772.13,Beauty
Product 6905,569.16,Home
Product 6906,486.62,Beauty
Product 6907,967.47,Home
Product 6908,318.87,Sports
Product 6909,402.71,Sports
Product 6910,365.17,Home
Product 6911,483.24,Food
Product 6912,832.31,Toys
Product 6913,263.14,Electronics
Product 6914,25.10,Food
Product 6915,954.45,Toys
Product 6916,90.36,Garden
Product 6917,566.33,Beauty
Product 6918,442.28,Garden
Product 6919,479.14,Clothing
Product 6920,808.50,Clothing
Product 6921,822.81,Clothing
Product 6922,672.72,Home
Product 6923,381.49,Food
Product 6924,713.51,Sports
Product 6925,113.75,Clothing
Product 6926,721.91,Food
Product 6927,457.56,Electronics
Product 6928,268.17,Beauty
Product 6929,152.60,Electronics
Product 6930,250.41,Beauty
Product 6931,461.39,Clothing
Product 6932,529.32,Beauty
Product 6933,683.66,Beauty
Product 6934,807.52,Clothing
Product 6935,535.67,Sports
Product 6936,470.10,Tools
Product 6937,887.84,Home
Product 6938,492.63,Home
Product 6939,146.82,Toys
Product 6940,925.26,Food
Product 6941,167.33,Home
Product 6942,177.20,Tools
Product 6943,373.38,Food
Product 6944,923.64,Beauty
Product 6945,966.45,Beauty
Product 6946,21.48,Garden
Product 6947,688.84,Beauty
Product 6948,547.22,Beauty
Product 6949,697.96,Toys
Product 6950,880.58,Beauty
Product 6951,162.40,Sports
Product 6952,272.05,Food
Product 6953,438.43,Beauty
Product 6954,302.91,Tools
Product 6955,316.72,Home
Product 6956,962.52,Home
Product 6957,232.29,Sports
Product 6958,28.72,Toys
Product 6959,29.84,Clothing
Product 6960,291.03,Toys
Product 6961,55.26,Food
Product 6962,622.29,Home
Product 6963,45.28,Tools
Product 6964,62.87,Electronics
Product 6965,227.84,Garden
Product 6966,75.07,Home
Product 6967,356.28,Garden
Product 6968,269.14,Garden
Product 6969,630.93,Electronics
Product 6970,831.06,Food
Product 6971,708.03,Garden
Product 6972,912.02,Books
Product 6973,522.60,Beauty
Product 6974,596.16,Sports
Product 6975,570.54,Tools
Product 6976,282.39,Books
Product 6977,460.80,Electronics
Product 6978,426.73,Tools
Product 6979,485.30,Sports
Product 6980,880.55,Food
Product 6981,998.58,Toys
Product 6982,192.76,Home
Product 6983,83.74,Books
Product 6984,487.39,Beauty
Product 6985,681.11,Tools
Product 6986,867.17,Books
Product 6987,226.03,Sports
Product 6988,489.45,Toys
Product 6989,405.33,Sports
Product 6990,224.67,Clothing
Product 6991,103.65,Food
Product 6992,78.38,Books
Product 6993,826.16,Tools
Product 6994,115.92,Electronics
Product 6995,490.73,Books
Product 6996,929.35,Beauty
Product 6997,983.54,Toys
Product 6998,79.88,Books
Product 6999,874.93,Beauty
Product 7000,925.74,Garden
Product 7001,676.35,Books
Product 7002,745.87,Clothing
Product 7003,16.13,Beauty
Product 7004,65.34,Beauty
Product 7005,886.10,Electronics
Product 7006,146.53,Garden
Product 7007,68.95,Toys
Product 7008,891.34,Toys
Product 7009,320.32,Sports
Product 7010,438.94,Food
Product 7011,830.63,Tools
Product 7012,538.20,Food
Product 7013,466.42,Books
Product 7014,85.71,Electronics
Product 7015,790.36,Electronics
Product 7016,617.49,Beauty
Product 7017,478.97,Clothing
Product 7018,540.78,Beauty
Product 7019,86.74,Home
Product 7020,606.50,Food
Product 7021,271.40,Electronics
Product 7022,514.91,Electronics
Product 7023,61.53,Beauty
Product 7024,510.27,Tools
Product 7025,766.25,Food
Product 7026,847.19,Electronics
Product 7027,742.17,Tools
Product 7028,341.72,Clothing
Product 7029,958.77,Tools
Product 7030,534.67,Tools
Product 7031,399.40,Books
Product 7032,846.35,Beauty
Product 7033,753.69,Toys
Product 7034,263.11,Tools
Product 7035,425.11,Food
Product 7036,745.78,Sports
Product 7037,726.38,Beauty
Product 7038,274.02,Home
Product 7039,196.48,Tools
Product 7040,774.17,Food
Product 7041,251.04,Home
Product 7042,925.07,Food
Product 7043,750.22,Home
Product 7044,549.94,Sports
Product 7045,297.57,Garden
Product 7046,53.86,Books
Product 7047,764.22,Food
Product 7048,75.39,Garden
Product 7049,396.58,Home
Product 7050,308.42,Clothing
Product 7051,29.64,Electronics
Product 7052,867.49,Toys
Product 7053,467.34,Beauty
Product 7054,497.65,Electronics
Product 7055,457.76,Clothing
Product 7056,32.66,Clothing
Product 7057,865.46,Sports
Product 7058,620.83,Tools
Product 7059,518.18,Clothing
Product 7060,95.96,Toys
Product 7061,919.98,Books
Product 7062,251.22,Food
Product 7063,792.55,Sports
Product 7064,11.67,Books
Product 7065,732.90,Electronics
Product 7066,601.32,Clothing
Product 7067,506.09,Books
Product 7068,261.81,Tools
Product 7069,795.58,Books
Product 7070,138.97,Home
Product 7071,439.85,Clothing
Product 7072,852.94,Sports
Product 7073,230.08,Home
Product 7074,909.36,Sports
Product 7075,469.67,Clothing
Product 7076,288.13,Beauty
Product 7077,637.77,Home
Product 7078,349.57,Garden
Product 7079,144.06,Books
Product 7080,313.40,Food
Product 7081,274.57,Garden
Product 7082,511.64,Tools
Product 7083,920.06,Toys
Product 7084,399.66,Beauty
Product 7085,598.21,Toys
Product 7086,960.40,Beauty
Product 7087,869.93,Toys
Product 7088,5.73,Home
Product 7089,765.11,Electronics
Product 7090,413.17,Tools
Product 7091,6.39,Beauty
Product 7092,120.76,Beauty
Product 7093,269.47,Sports
Product 7094,136.93,Tools
Product 7095,571.01,Tools
Product 7096,566.85,Garden
Product 7097,258.64,Garden
Product 7098,962.84,Electronics
Product 7099,338.18,Clothing
Product 7100,276.14,Beauty
Product 7101,76.27,Beauty
Product 7102,222.37,Books
Product 7103,538.98,Clothing
Product 7104,766.67,Food
Product 7105,816.98,Tools
Product 7106,346.05,Clothing
Product 7107,119.46,Home
Product 7108,421.79,Beauty
Product 7109,598.35,Books
Product 7110,246.42,Beauty
Product 7111,577.11,Garden
Product 7112,407.53,Garden
Product 7113,540.19,Toys
Product 7114,291.41,Tools
Product 7115,292.62,Food
Product 7116,902.10,Tools
Product 7117,644.66,Home
Product 7118,439.96,Electronics
Product 7119,874.96,Electronics
Product 7120,542.11,Garden
Product 7121,501.62,Sports
Product 7122,856.71,Toys
Product 7123,820.37,Garden
Product 7124,140.56,Clothing
Product 7125,974.01,Home
Product 7126,370.17,Tools
Product 7127,695.22,Sports
Product 7128,39.89,Tools
Product 7129,73.79,Food
Product 7130,395.69,Garden
Product 7131,5.57,Garden
Product 7132,847.41,Food
Product 7133,346.58,Sports
Product 7134,222.71,Tools
Product 7135,46.75,Toys
Product 7136,296.61,Clothing
Product 7137,175.48,Electronics
Product 7138,129.22,Electronics
Product 7139,434.41,Garden
Product 7140,462.74,Clothing
Product 7141,977.79,Books
Product 7142,10.10,Sports
Product 7143,622.86,Books
Product 7144,460.65,Sports
Product 7145,879.91,Food
Product 7146,593.84,Home
Product 7147,762.90,Food
Product 7148,31.93,Clothing
Product 7149,304.31,Home
Product 7150,156.17,Toys
Product 7151,123.40,Garden
Product 7152,373.90,Sports
Product 7153,567.03,Clothing
Product 7154,349.72,Sports
Product 7155,399.56,Toys
Product 7156,515.93,Toys
Product 7157,649.70,Toys
Product 7158,242.69,Home
Product 7159,636.60,Clothing
Product 7160,358.71,Garden
Product 7161,718.91,Clothing
Product 7162,383.58,Clothing
Product 7163,965.00,Electronics
Product 7164,588.29,Toys
Product 7165,370.58,Tools
Product 7166,56.13,Sports
Product 7167,366.06,Beauty
Product 7168,473.46,Beauty
Product 7169,702.91,Sports
Product 7170,977.08,Electronics
Product 7171,959.92,Sports
Product 7172,413.81,Tools
Product 7173,50.67,Tools
Product 7174,531.42,Sports
Product 7175,634.78,Food
Product 7176,368.29,Tools
Product 7177,406.23,Books
Product 7178,453.02,Tools
Product 7179,555.77,Electronics
Product 7180,534.85,Tools
Product 7181,765.92,Toys
Product 7182,76.82,Garden
Product 7183,612.77,Food
Product 7184,629.88,Toys
Product 7185,877.08,Electronics
Product 7186,47.62,Toys
Product 7187,945.14,Sports
Product 7188,851.83,Sports
Product 7189,542.25,Clothing
Product 7190,138.81,Sports
Product 7191,692.76,Tools
Product 7192,644.79,Toys
Product 7193,75.60,Food
Product 7194,554.11,Books
Product 7195,724.76,Beauty
Product 7196,619.48,Garden
Product 7197,8.59,Tools
Product 7198,104.21,Books
Product 7199,950.62,Tools
Product 7200,313.87,Sports
Product 7201,429.51,Electronics
Product 7202,968.02,Garden
Product 7203,295.73,Electronics
Product 7204,425.21,Home
Product 7205,142.73,Sports
Product 7206,936.39,Beauty
Product 7207,546.68,Food
Product 7208,902.21,Beauty
Product 7209,500.26,Toys
Product 7210,240.57,Food
Product 7211,623.21,Toys
Product 7212,215.80,Food
Product 7213,454.55,Electronics
Product 7214,854.67,Clothing
Product 7215,899.79,Sports
Product 7216,421.95,Tools
Product 7217,6.90,Food
Product 7218,628.66,Tools
Product 7219,132.45,Garden
Product 7220,904.09,Electronics
Product 7221,207.15,Books
Product 7222,837.07,Home
Product 7223,761.64,Books
Product 7224,587.66,Home
Product 7225,415.82,Books
Product 7226,377.84,Garden
Product 7227,269.57,Electronics
Product 7228,533.89,Home
Product 7229,371.86,Electronics
Product 7230,289.20,Food
Product 7231,645.01,Home
Product 7232,382.71,Garden
Product 7233,277.88,Garden
Product 7234,557.01,Tools
Product 7235,425.74,Toys
Product 7236,201.10,Books
Product 7237,111.79,Home
Product 7238,725.14,Electronics
Product 7239,339.65,Tools
Product 7240,530.41,Home
Product 7241,521.78,Sports
Product 7242,100.88,Books
Product 7243,650.55,Clothing
Product 7244,39.87,Books
Product 7245,498.27,Sports
Product 7246,964.73,Home
Product 7247,32.06,Home
Product 7248,179.29,Books
Product 7249,718.57,Books
Product 7250,843.44,Tools
Product 7251,899.36,Food
Product 7252,887.81,Books
Product 7253,121.33,Food
Product 7254,257.21,Food
Product 7255,156.20,Sports
Product 7256,976.83,Clothing
Product 7257,47.06,Food
Product 7258,378.18,Tools
Product 7259,393.79,Clothing
Product 7260,173.19,Tools
Product 7261,664.23,Electronics
Product 7262,565.76,Tools
Product 7263,828.03,Tools
Product 7264,898.23,Home
Product 7265,678.58,Food
Product 7266,72.53,Sports
Product 7267,47.85,Books
Product 7268,839.24,Beauty
Product 7269,724.87,Toys
Product 7270,742.87,Beauty
Product 7271,245.15,Books
Product 7272,803.73,Clothing
Product 7273,129.62,Electronics
Product 7274,342.40,Home
Product 7275,594.84,Garden
Product 7276,255.43,Sports
Product 7277,938.62,Food
Product 7278,23.04,Food
Product 7279,491.46,Tools
Product 7280,755.92,Home
Product 7281,774.98,Electronics
Product 7282,276.46,Food
Product 7283,365.80,Clothing
Product 7284,247.43,Clothing
Product 7285,362.23,Tools
Product 7286,987.72,Tools
Product 7287,534.70,Food
Product 7288,937.45,Tools
Product 7289,540.87,Tools
Product 7290,701.25,Clothing
Product 7291,213.00,Electronics
Product 7292,953.69,Books
Product 7293,160.01,Food
Product 7294,155.56,Beauty
Product 7295,716.33,Beauty
Product 7296,262.22,Garden
Product 7297,549.92,Books
Product 7298,34.08,Tools
Product 7299,715.41,Home
Product 7300,743.39,Garden
Product 7301,377.05,Beauty
Product 7302,358.30,Tools
Product 7303,880.28,Garden
Product 7304,324.33,Toys
Product 7305,250.02,Clothing
Product 7306,963.92,Sports
Product 7307,430.22,Beauty
Product 7308,314.54,Tools
Product 7309,248.52,Electronics
Product 7310,690.61,Clothing
Product 7311,502.00,Electronics
Product 7312,935.27,Clothing
Product 7313,572.19,Garden
Product 7314,764.13,Beauty
Product 7315,880.99,Books
Product 7316,61.45,Electronics
Product 7317,385.87,Tools
Product 7318,501.66,Toys
Product 7319,31.92,Books
Product 7320,988.09,Sports
Product 7321,160.75,Garden
Product 7322,819.67,Garden
Product 7323,644.39,Garden
Product 7324,640.65,Clothing
Product 7325,127.45,Books
Product 7326,804.37,Electronics
Product 7327,474.18,Toys
Product 7328,790.87,Home
Product 7329,101.34,Garden
Product 7330,271.16,Books
Product 7331,102.19,Sports
Product 7332,966.59,Toys
Product 7333,222.21,Clothing
Product 7334,992.21,Toys
Product 7335,978.92,Beauty
Product 7336,993.62,Tools
Product 7337,568.74,Garden
Product 7338,62.66,Tools
Product 7339,16.77,Toys
Product 7340,698.59,Beauty
Product 7341,692.61,Clothing
Product 7342,144.18,Home
Product 7343,930.35,Home
Product 7344,747.07,Food
Product 7345,943.14,Books
Product 7346,103.06,Books
Product 7347,437.23,Sports
Product 7348,688.07,Electronics
Product 7349,394.96,Tools
Product 7350,322.24,Beauty
Product 7351,116.88,Clothing
Product 7352,575.08,Electronics
Product 7353,978.48,Beauty
Product 7354,937.38,Food
Product 7355,994.60,Sports
Product 7356,778.90,Electronics
Product 7357,438.30,Books
Product 7358,956.78,Garden
Product 7359,477.04,Books
Product 7360,186.61,Garden
Product 7361,386.05,Books
Product 7362,407.49,Food
Product 7363,863.07,Sports
Product 7364,293.30,Sports
Product 7365,255.61,Toys
Product 7366,917.23,Books
Product 7367,13.45,Beauty
Product 7368,952.33,Food
Product 7369,165.20,Toys
Product 7370,74.04,Sports
Product 7371,851.72,Beauty
Product 7372,485.52,Toys
Product 7373,976.23,Food
Product 7374,757.94,Beauty
Product 7375,199.02,Tools
Product 7376,859.17,Sports
Product 7377,443.18,Electronics
Product 7378,309.68,Garden
Product 7379,889.00,Beauty
Product 7380,195.87,Clothing
Product 7381,806.52,Books
Product 7382,307.46,Garden
Product 7383,50.00,Beauty
Product 7384,632.52,Garden
Product 7385,261.96,Toys
Product 7386,582.84,Tools
Product 7387,199.83,Books
Product 7388,941.71,Garden
Product 7389,866.93,Tools
Product 7390,23.18,Tools
Product 7391,873.47,Books
Product 7392,191.44,Electronics
Product 7393,986.42,Garden
Product 7394,553.49,Garden
Product 7395,718.07,Food
Product 7396,657.86,Home
Product 7397,645.63,Sports
Product 7398,395.73,Food
Product 7399,162.72,Clothing
Product 7400,756.05,Tools
Product 7401,192.15,Clothing
Product 7402,526.67,Toys
Product 7403,471.36,Clothing
Product 7404,357.66,Garden
Product 7405,755.71,Sports
Product 7406,218.36,Toys
Product 7407,120.99,Beauty
Product 7408,264.89,Clothing
Product 7409,443.51,Electronics
Product 7410,795.90,Beauty
Product 7411,607.96,Electronics
Product 7412,147.72,Home
Product 7413,864.69,Beauty
Product 7414,930.03,Books
Product 7415,927.90,Garden
Product 7416,460.01,Electronics
Product 7417,262.71,Beauty
Product 7418,777.88,Garden
Product 7419,907.21,Books
Product 7420,241.86,Home
Product 7421,344.00,Tools
Product 7422,712.08,Food
Product 7423,356.21,Books
Product 7424,500.71,Garden
Product 7425,638.31,Food
Product 7426,767.62,Electronics
Product 7427,875.70,Food
Product 7428,384.07,Food
Product 7429,890.29,Tools
Product 7430,569.95,Toys
Product 7431,675.56,Electronics
Product 7432,547.48,Books
Product 7433,258.91,Beauty
Product 7434,716.50,Electronics
Product 7435,37.31,Food
Product 7436,190.07,Electronics
Product 7437,426.15,Books
Product 7438,324.93,Food
Product 7439,588.96,Beauty
Product 7440,457.69,Home
Product 7441,731.62,Home
Product 7442,139.21,Tools
Product 7443,680.79,Books
Product 7444,666.76,Clothing
Product 7445,330.11,Beauty
Product 7446,949.68,Garden
Product 7447,290.33,Sports
Product 7448,38.07,Toys
Product 7449,578.75,Food
Product 7450,5.84,Tools
Product 7451,536.45,Toys
Product 7452,346.43,Clothing
Product 7453,477.67,Toys
Product 7454,68.50,Books
Product 7455,38.39,Garden
Product 7456,261.40,Electronics
Product 7457,367.54,Tools
Product 7458,753.33,Food
Product 7459,347.56,Toys
Product 7460,45.83,Beauty
Product 7461,340.85,Food
Product 7462,777.54,Garden
Product 7463,693.11,Sports
Product 7464,902.15,Books
Product 7465,209.55,Electronics
Product 7466,590.97,Electronics
Product 7467,71.11,Clothing
Product 7468,900.25,Garden
Product 7469,887.36,Toys
Product 7470,262.56,Home
Product 7471,909.03,Garden
Product 7472,306.68,Food
Product 7473,300.14,Food
Product 7474,700.34,Food
Product 7475,107.80,Beauty
Product 7476,649.45,Sports
Product 7477,117.26,Food
Product 7478,46.12,Toys
Product 7479,739.32,Books
Product 7480,114.93,Toys
Product 7481,955.42,Electronics
Product 7482,11.56,Food
Product 7483,706.15,Home
Product 7484,287.59,Sports
Product 7485,392.40,Clothing
Product 7486,855.83,Home
Product 7487,698.74,Electronics
Product 7488,263.07,Books
Product 7489,410.58,Food
Product 7490,830.98,Garden
Product 7491,590.56,Electronics
Product 7492,530.05,Toys
Product 7493,468.87,Garden
Product 7494,527.74,Beauty
Product 7495,81.06,Electronics
Product 7496,268.92,Electronics
Product 7497,295.50,Home
Product 7498,766.28,Garden
Product 7499,232.08,Home
Product 7500,619.09,Beauty
Product 7501,724.93,Home
Product 7502,107.21,Tools
Product 7503,845.45,Home
Product 7504,420.21,Clothing
Product 7505,187.32,Toys
Product 7506,178.30,Tools
Product 7507,200.64,Beauty
Product 7508,829.87,Toys
Product 7509,326.85,Home
Product 7510,980.49,Books
Product 7511,452.04,Toys
Product 7512,937.66,Books
Product 7513,361.51,Tools
Product 7514,437.08,Sports
Product 7515,705.47,Food
Product 7516,606.25,Sports
Product 7517,251.58,Clothing
Product 7518,595.31,Food
Product 7519,425.40,Books
Product 7520,706.59,Books
Product 7521,616.55,Tools
Product 7522,148.21,Toys
Product 7523,693.98,Food
Product 7524,208.94,Books
Product 7525,883.67,Home
Product 7526,447.62,Clothing
Product 7527,177.96,Toys
Product 7528,229.67,Clothing
Product 7529,508.35,Clothing
Product 7530,183.68,Electronics
Product 7531,75.32,Clothing
Product 7532,245.53,Garden
Product 7533,746.91,Clothing
Product 7534,322.33,Sports
Product 7535,847.74,Garden
Product 7536,369.36,Electronics
Product 7537,541.99,Books
Product 7538,8.93,Electronics
Product 7539,129.59,Garden
Product 7540,727.69,Toys
Product 7541,366.78,Clothing
Product 7542,7.74,Clothing
Product 7543,192.80,Electronics
Product 7544,874.52,Tools
Product 7545,88.62,Books
Product 7546,410.36,Tools
Product 7547,904.40,Food
Product 7548,757.46,Clothing
Product 7549,51.10,Beauty
Product 7550,410.51,Sports
Product 7551,52.49,Home
Product 7552,576.94,Garden
Product 7553,277.03,Beauty
Product 7554,612.92,Toys
Product 7555,784.63,Toys
Product 7556,292.77,Beauty
Product 7557,731.76,Food
Product 7558,580.33,Home
Product 7559,281.98,Electronics
Product 7560,769.42,Clothing
Product 7561,488.97,Garden
Product 7562,228.29,Home
Product 7563,88.00,Food
Product 7564,231.37,Food
Product 7565,254.28,Electronics
Product 7566,112.99,Tools
Product 7567,736.23,Clothing
Product 7568,429.54,Books
Product 7569,171.03,Food
Product 7570,129.34,Beauty
Product 7571,998.52,Food
Product 7572,217.85,Garden
Product 7573,970.80,Electronics
Product 7574,895.87,Electronics
Product 7575,870.83,Electronics
Product 7576,521.42,Books
Product 7577,86.31,Tools
Product 7578,953.64,Toys
Product 7579,608.87,Electronics
Product 7580,998.86,Electronics
Product 7581,260.63,Books
Product 7582,978.44,Clothing
Product 7583,440.67,Sports
Product 7584,116.59,Toys
Product 7585,482.51,Toys
Product 7586,757.90,Beauty
Product 7587,290.96,Clothing
Product 7588,39.10,Electronics
Product 7589,370.51,Beauty
Product 7590,948.22,Tools
Product 7591,308.23,Books
Product 7592,536.80,Home
Product 7593,174.78,Home
Product 7594,632.13,Beauty
Product 7595,989.85,Beauty
Product 7596,107.87,Food
Product 7597,881.18,Garden
Product 7598,659.33,Electronics
Product 7599,584.70,Beauty
Product 7600,288.35,Food
Product 7601,61.14,Clothing
Product 7602,700.62,Sports
Product 7603,669.43,Beauty
Product 7604,856.73,Food
Product 7605,731.01,Toys
Product 7606,430.69,Clothing
Product 7607,65.17,Beauty
Product 7608,477.18,Clothing
Product 7609,695.15,Home
Product 7610,665.63,Toys
Product 7611,663.44,Books
Product 7612,866.61,Sports
Product 7613,956.86,Books
Product 7614,96.18,Toys
Product 7615,59.18,Beauty
Product 7616,913.28,Food
Product 7617,794.84,Toys
Product 7618,447.15,Tools
Product 7619,431.72,Sports
Product 7620,48.78,Beauty
Product 7621,543.71,Beauty
Product 7622,148.80,Home
Product 7623,478.41,Toys
Product 7624,832.92,Sports
Product 7625,630.56,Food
Product 7626,617.64,Food
Product 7627,11.17,Garden
Product 7628,641.86,Sports
Product 7629,679.47,Electronics
Product 7630,750.43,Tools
Product 7631,166.98,Food
Product 7632,591.16,Electronics
Product 7633,510.83,Tools
Product 7634,522.30,Food
Product 7635,737.66,Sports
Product 7636,264.92,Electronics
Product 7637,893.30,Toys
Product 7638,100.90,Food
Product 7639,990.66,Toys
Product 7640,719.28,Sports
Product 7641,871.28,Clothing
Product 7642,137.79,Sports
Product 7643,116.64,Sports
Product 7644,24.90,Electronics
Product 7645,791.98,Books
Product 7646,492.09,Garden
Product 7647,995.44,Clothing
Product 7648,81.22,Sports
Product 7649,336.64,Electronics
Product 7650,72.37,Home
Product 7651,349.07,Home
Product 7652,886.52,Garden
Product 7653,305.23,Toys
Product 7654,114.08,Tools
Product 7655,186.75,Garden
Product 7656,613.75,Electronics
Product 7657,263.16,Clothing
Product 7658,986.91,Beauty
Product 7659,202.08,Books
Product 7660,490.24,Tools
Product 7661,78.44,Beauty
Product 7662,920.96,Food
Product 7663,906.93,Food
Product 7664,606.85,Electronics
Product 7665,218.58,Electronics
Product 7666,487.20,Electronics
Product 7667,307.61,Food
Product 7668,151.56,Garden
Product 7669,588.81,Electronics
Product 7670,333.18,Food
Product 7671,222.46,Books
Product 7672,378.29,Home
Product 7673,307.21,Toys
Product 7674,697.66,Food
Product 7675,842.11,Books
Product 7676,335.94,Books
Product 7677,378.85,Sports
Product 7678,355.45,Beauty
Product 7679,522.66,Toys
Product 7680,194.96,Sports
Product 7681,461.92,Toys
Product 7682,322.58,Home
Product 7683,69.23,Food
Product 7684,483.65,Electronics
Product 7685,685.25,Electronics
Product 7686,683.69,Sports
Product 7687,719.07,Food
Product 7688,210.47,Tools
Product 7689,447.28,Sports
Product 7690,854.53,Sports
Product 7691,563.26,Tools
Product 7692,385.08,Garden
Product 7693,968.86,Sports
Product 7694,537.34,Food
Product 7695,834.18,Food
Product 7696,141.22,Home
Product 7697,275.79,Clothing
Product 7698,517.81,Home
Product 7699,708.85,Toys
Product 7700,354.52,Food
Product 7701,441.44,Clothing
Product 7702,353.62,Home
Product 7703,701.59,Sports
Product 7704,417.18,Food
Product 7705,827.43,Toys
Product 7706,752.01,Home
Product 7707,831.52,Toys
Product 7708,422.04,Garden
Product 7709,698.02,Tools
Product 7710,96.34,Clothing
Product 7711,302.07,Food
Product 7712,696.78,Toys
Product 7713,68.41,Books
Product 7714,659.18,Electronics
Product 7715,958.40,Tools
Product 7716,272.04,Electronics
Product 7717,121.62,Food
Product 7718,623.09,Books
Product 7719,599.10,Garden
Product 7720,351.49,Beauty
Product 7721,249.84,Books
Product 7722,926.84,Garden
Product 7723,736.11,Home
Product 7724,359.17,Books
Product 7725,885.07,Books
Product 7726,331.05,Books
Product 7727,757.45,Beauty
Product 7728,234.31,Books
Product 7729,750.48,Beauty
Product 7730,459.51,Beauty
Product 7731,481.69,Tools
Product 7732,963.69,Garden
Product 7733,901.49,Clothing
Product 7734,586.12,Books
Product 7735,894.56,Toys
Product 7736,993.15,Beauty
Product 7737,902.03,Beauty
Product 7738,89.85,Food
Product 7739,891.58,Food
Product 7740,536.32,Tools
Product 7741,185.19,Books
Product 7742,186.32,Food
Product 7743,973.00,Tools
Product 7744,45.59,Tools
Product 7745,246.85,Beauty
Product 7746,971.37,Home
Product 7747,382.31,Garden
Product 7748,658.74,Tools
Product 7749,124.41,Sports
Product 7750,797.35,Toys
Product 7751,296.23,Tools
Product 7752,320.21,Electronics
Product 7753,421.12,Books
Product 7754,548.45,Food
Product 7755,714.56,Garden
Product 7756,689.11,Tools
Product 7757,366.40,Home
Product 7758,456.92,Books
Product 7759,346.50,Clothing
Product 7760,833.11,Home
Product 7761,153.29,Beauty
Product 7762,158.32,Clothing
Product 7763,767.68,Beauty
Product 7764,473.35,Home
Product 7765,783.04,Tools
Product 7766,556.95,Tools
Product 7767,57.29,Toys
Product 7768,42.13,Clothing
Product 7769,617.44,Home
Product 7770,104.04,Toys
Product 7771,122.84,Food
Product 7772,203.87,Sports
Product 7773,535.23,Electronics
Product 7774,315.43,Beauty
Product 7775,453.70,Garden
Product 7776,56.87,Toys
Product 7777,669.70,Tools
Product 7778,401.86,Books
Product 7779,57.43,Garden
Product 7780,919.22,Food
Product 7781,970.73,Clothing
Product 7782,552.86,Electronics
Product 7783,349.66,Tools
Product 7784,120.53,Food
Product 7785,405.74,Garden
Product 7786,143.94,Garden
Product 7787,799.25,Sports
Product 7788,658.88,Tools
Product 7789,584.33,Beauty
Product 7790,280.94,Home
Product 7791,283.67,Electronics
Product 7792,986.00,Garden
Product 7793,717.38,Clothing
Product 7794,519.87,Books
Product 7795,515.84,Home
Product 7796,893.86,Home
Product 7797,414.47,Clothing
Product 7798,958.20,Garden
Product 7799,939.22,Toys
Product 7800,728.89,Toys
Product 7801,569.38,Tools
Product 7802,596.88,Beauty
Product 7803,418.66,Toys
Product 7804,540.02,Food
Product 7805,340.36,Books
Product 7806,660.32,Sports
Product 7807,963.29,Food
Product 7808,888.12,Garden
Product 7809,436.88,Tools
Product 7810,150.00,Electronics
Product 7811,538.79,Clothing
Product 7812,572.87,Clothing
Product 7813,113.67,Home
Product 7814,654.37,Clothing
Product 7815,306.94,Electronics
Product 7816,364.71,Food
Product 7817,863.03,Books
Product 7818,896.79,Beauty
Product 7819,268.60,Beauty
Product 7820,835.22,Beauty
Product 7821,617.82,Toys
Product 7822,851.11,Books
Product 7823,381.22,Beauty
Product 7824,797.18,Garden
Product 7825,149.71,Electronics
Product 7826,50.77,Home
Product 7827,774.06,Toys
Product 7828,133.78,Toys
Product 7829,250.58,Sports
Product 7830,76.22,Tools
Product 7831,635.23,Toys
Product 7832,973.57,Tools
Product 7833,866.84,Clothing
Product 7834,106.86,Books
Product 7835,237.20,Books
Product 7836,979.79,Garden
Product 7837,758.44,Sports
Product 7838,771.30,Clothing
Product 7839,660.73,Books
Product 7840,169.68,Books
Product 7841,785.18,Garden
Product 7842,241.98,Home
Product 7843,806.68,Tools
Product 7844,477.50,Home
Product 7845,646.64,Clothing
Product 7846,609.63,Clothing
Product 7847,386.51,Food
Product 7848,419.50,Clothing
Product 7849,753.39,Garden
Product 7850,554.22,Toys
Product 7851,295.23,Toys
Product 7852,619.07,Books
Product 7853,119.61,Toys
Product 7854,609.14,Garden
Product 7855,497.18,Sports
Product 7856,152.55,Clothing
Product 7857,461.81,Beauty
Product 7858,340.90,Beauty
Product 7859,829.08,Home
Product 7860,123.34,Food
Product 7861,349.45,Toys
Product 7862,451.07,Clothing
Product 7863,595.37,Beauty
Product 7864,575.90,Toys
Product 7865,824.62,Books
Product 7866,26.33,Sports
Product 7867,108.04,Clothing
Product 7868,608.52,Electronics
Product 7869,584.10,Home
Product 7870,840.61,Garden
Product 7871,821.91,Home
Product 7872,113.81,Books
Product 7873,32.93,Beauty
Product 7874,22.55,Tools
Product 7875,892.88,Tools
Product 7876,131.45,Garden
Product 7877,320.24,Toys
Product 7878,868.63,Toys
Product 7879,571.79,Clothing
Product 7880,106.74,Books
Product 7881,968.77,Tools
Product 7882,918.38,Clothing
Product 7883,550.32,Sports
Product 7884,129.61,Electronics
Product 7885,855.88,Tools
Product 7886,906.44,Tools
Product 7887,979.46,Sports
Product 7888,342.33,Beauty
Product 7889,410.37,Toys
Product 7890,935.93,Sports
Product 7891,89.31,Food
Product 7892,872.75,Food
Product 7893,79.24,Garden
Product 7894,295.86,Food
Product 7895,684.37,Beauty
Product 7896,811.96,Electronics
Product 7897,648.59,Garden
Product 7898,844.62,Garden
Product 7899,580.98,Toys
Product 7900,332.70,Books
Product 7901,158.30,Garden
Product 7902,778.92,Garden
Product 7903,756.05,Food
Product 7904,882.81,Garden
Product 7905,272.28,Home
Product 7906,62.61,Electronics
Product 7907,57.23,Electronics
Product 7908,27.47,Toys
Product 7909,638.24,Sports
Product 7910,450.28,Garden
Product 7911,224.13,Books
Product 7912,989.20,Toys
Product 7913,317.37,Food
Product 7914,186.57,Electronics
Product 7915,520.94,Garden
Product 7916,148.72,Sports
Product 7917,7.87,Tools
Product 7918,554.02,Tools
Product 7919,941.75,Books
Product 7920,136.78,Home
Product 7921,548.77,Food
Product 7922,709.03,Garden
Product 7923,706.04,Garden
Product 7924,359.10,Clothing
Product 7925,284.32,Tools
Product 7926,123.11,Home
Product 7927,336.47,Beauty
Product 7928,396.12,Toys
Product 7929,622.45,Tools
Product 7930,107.31,Sports
Product 7931,43.42,Beauty
Product 7932,49.57,Clothing
Product 7933,568.79,Electronics
Product 7934,588.46,Beauty
Product 7935,638.08,Toys
Product 7936,82.59,Sports
Product 7937,77.47,Electronics
Product 7938,42.60,Home
Product 7939,178.66,Toys
Product 7940,886.83,Toys
Product 7941,920.32,Garden
Product 7942,192.62,Food
Product 7943,731.45,Beauty
Product 7944,850.78,Toys
Product 7945,189.92,Garden
Product 7946,476.23,Home
Product 7947,794.10,Electronics
Product 7948,521.31,Clothing
Product 7949,998.51,Home
Product 7950,956.72,Beauty
Product 7951,502.17,Electronics
Product 7952,181.20,Beauty
Product 7953,113.50,Beauty
Product 7954,757.60,Home
Product 7955,954.26,Clothing
Product 7956,174.10,Home
Product 7957,272.40,Garden
Product 7958,413.38,Beauty
Product 7959,454.27,Beauty
Product 7960,946.03,Garden
Product 7961,650.09,Home
Product 7962,891.09,Books
Product 7963,801.54,Garden
Product 7964,708.50,Beauty
Product 7965,124.58,Garden
Product 7966,386.87,Toys
Product 7967,853.59,Tools
Product 7968,313.52,Toys
Product 7969,247.63,Electronics
Product 7970,154.30,Clothing
Product 7971,220.54,Toys
Product 7972,879.96,Tools
Product 7973,331.72,Food
Product 7974,541.53,Electronics
Product 7975,220.98,Toys
Product 7976,229.15,Sports
Product 7977,476.86,Tools
Product 7978,460.80,Garden
Product 7979,824.08,Beauty
Product 7980,271.37,Tools
Product 7981,80.48,Food
Product 7982,550.55,Beauty
Product 7983,37.62,Books
Product 7984,481.82,Clothing
Product 7985,315.92,Clothing
Product 7986,812.33,Beauty
Product 7987,543.20,Tools
Product 7988,178.00,Electronics
Product 7989,390.54,Clothing
Product 7990,640.59,Electronics
Product 7991,183.95,Food
Product 7992,807.90,Clothing
Product 7993,140.48,Books
Product 7994,81.07,Beauty
Product 7995,70.17,Clothing
Product 7996,42.37,Electronics
Product 7997,647.64,Clothing
Product 7998,808.44,Beauty
Product 7999,596.48,Toys
Product 8000,404.00,Home
Product 8001,570.28,Books
Product 8002,65.32,Home
Product 8003,442.29,Home
Product 8004,468.35,Home
Product 8005,431.82,Garden
Product 8006,169.70,Sports
Product 8007,729.63,Food
Product 8008,165.07,Food
Product 8009,459.71,Toys
Product 8010,590.91,Toys
Product 8011,321.82,Books
Product 8012,742.22,Clothing
Product 8013,865.90,Garden
Product 8014,29.63,Books
Product 8015,842.09,Clothing
Product 8016,972.18,Beauty
Product 8017,779.62,Clothing
Product 8018,497.18,Toys
Product 8019,877.79,Clothing
Product 8020,855.22,Beauty
Product 8021,429.51,Home
Product 8022,433.44,Home
Product 8023,918.68,Electronics
Product 8024,408.90,Clothing
Product 8025,533.41,Garden
Product 8026,678.61,Toys
Product 8027,46.45,Clothing
Product 8028,981.50,Beauty
Product 8029,907.74,Sports
Product 8030,898.52,Clothing
Product 8031,693.10,Garden
Product 8032,152.36,Books
Product 8033,778.09,Clothing
Product 8034,522.23,Toys
Product 8035,812.72,Electronics
Product 8036,683.12,Beauty
Product 8037,598.72,Beauty
Product 8038,451.93,Electronics
Product 8039,267.43,Sports
Product 8040,362.82,Books
Product 8041,237.44,Garden
Product 8042,370.85,Sports
Product 8043,989.69,Garden
Product 8044,31.86,Toys
Product 8045,193.39,Food
Product 8046,436.51,Beauty
Product 8047,779.08,Toys
Product 8048,9.09,Electronics
Product 8049,7.39,Clothing
Product 8050,830.21,Food
Product 8051,718.28,Books
Product 8052,730.29,Toys
Product 8053,933.33,Toys
Product 8054,564.26,Garden
Product 8055,806.65,Tools
Product 8056,522.26,Home
Product 8057,157.70,Toys
Product 8058,613.79,Beauty
Product 8059,40.21,Sports
Product 8060,733.88,Beauty
Product 8061,82.94,Garden
Product 8062,402.93,Electronics
Product 8063,332.50,Toys
Product 8064,220.63,Home
Product 8065,904.06,Toys
Product 8066,785.20,Electronics
Product 8067,36.37,Food
Product 8068,550.20,Toys
Product 8069,443.76,Beauty
Product 8070,847.92,Sports
Product 8071,10.75,Electronics
Product 8072,974.89,Home
Product 8073,124.71,Food
Product 8074,446.14,Books
Product 8075,23.57,Tools
Product 8076,220.75,Electronics
Product 8077,562.04,Books
Product 8078,650.13,Books
Product 8079,425.20,Tools
Product 8080,256.94,Home
Product 8081,909.69,Electronics
Product 8082,431.08,Garden
Product 8083,931.96,Electronics
Product 8084,35.26,Clothing
Product 8085,869.28,Tools
Product 8086,425.63,Beauty
Product 8087,397.97,Beauty
Product 8088,457.31,Beauty
Product 8089,71.21,Clothing
Product 8090,29.99,Tools
Product 8091,322.20,Tools
Product 8092,876.58,Toys
Product 8093,182.61,Books
Product 8094,199.52,Beauty
Product 8095,667.01,Home
Product 8096,678.05,Clothing
Product 8097,610.53,Toys
Product 8098,353.39,Toys
Product 8099,184.55,Tools
Product 8100,379.88,Tools
Product 8101,644.84,Sports
Product 8102,869.36,Garden
Product 8103,229.68,Clothing
Product 8104,162.35,Clothing
Product 8105,709.21,Electronics
Product 8106,355.33,Clothing
Product 8107,639.88,Toys
Product 8108,281.21,Tools
Product 8109,875.17,Beauty
Product 8110,478.46,Food
Product 8111,561.65,Toys
Product 8112,543.13,Sports
Product 8113,426.47,Toys
Product 8114,772.26,Tools
Product 8115,552.29,Beauty
Product 8116,496.89,Beauty
Product 8117,33.81,Toys
Product 8118,964.23,Beauty
Product 8119,677.86,Sports
Product 8120,910.86,Toys
Product 8121,822.20,Garden
Product 8122,681.90,Beauty
Product 8123,373.19,Books
Product 8124,238.80,Tools
Product 8125,48.16,Home
Product 8126,220.17,Sports
Product 8127,979.39,Garden
Product 8128,225.28,Garden
Product 8129,978.53,Sports
Product 8130,878.85,Food
Product 8131,609.41,Garden
Product 8132,960.47,Clothing
Product 8133,439.06,Beauty
Product 8134,138.88,Books
Product 8135,910.25,Food
Product 8136,604.52,Garden
Product 8137,563.00,Garden
Product 8138,375.52,Beauty
Product 8139,145.71,Beauty
Product 8140,239.64,Sports
Product 8141,7.60,Beauty
Product 8142,128.31,Garden
Product 8143,673.43,Food
Product 8144,486.98,Electronics
Product 8145,887.87,Books
Product 8146,131.04,Electronics
Product 8147,115.27,Electronics
Product 8148,389.50,Toys
Product 8149,270.36,Clothing
Product 8150,38.13,Sports
Product 8151,680.91,Toys
Product 8152,426.05,Tools
Product 8153,449.32,Books
Product 8154,655.90,Electronics
Product 8155,247.86,Clothing
Product 8156,528.89,Clothing
Product 8157,864.38,Garden
Product 8158,949.94,Tools
Product 8159,914.37,Tools
Product 8160,794.54,Electronics
Product 8161,418.58,Clothing
Product 8162,765.17,Electronics
Product 8163,864.04,Books
Product 8164,590.69,Beauty
Product 8165,472.41,Clothing
Product 8166,494.20,Garden
Product 8167,189.27,Sports
Product 8168,618.87,Garden
Product 8169,326.63,Home
Product 8170,112.36,Food
Product 8171,591.91,Toys
Product 8172,358.08,Home
Product 8173,270.43,Tools
Product 8174,229.71,Sports
Product 8175,79.74,Toys
Product 8176,412.53,Books
Product 8177,101.01,Food
Product 8178,172.21,Beauty
Product 8179,793.84,Tools
Product 8180,859.44,Sports
Product 8181,575.70,Clothing
Product 8182,562.85,Beauty
Product 8183,8.27,Toys
Product 8184,922.91,Clothing
Product 8185,267.52,Tools
Product 8186,840.15,Electronics
Product 8187,483.44,Tools
Product 8188,479.24,Beauty
Product 8189,717.07,Home
Product 8190,741.39,Beauty
Product 8191,728.98,Electronics
Product 8192,451.70,Tools
Product 8193,935.64,Home
Product 8194,106.94,Food
Product 8195,201.52,Home
Product 8196,401.57,Garden
Product 8197,178.47,Garden
Product 8198,196.55,Home
Product 8199,248.84,Electronics
Product 8200,299.75,Clothing
Product 8201,320.65,Garden
Product 8202,596.91,Beauty
Product 8203,510.50,Books
Product 8204,173.17,Toys
Product 8205,689.92,Sports
Product 8206,822.88,Garden
Product 8207,291.70,Electronics
Product 8208,350.50,Toys
Product 8209,948.78,Electronics
Product 8210,424.88,Garden
Product 8211,8.67,Beauty
Product 8212,674.72,Garden
Product 8213,777.85,Toys
Product 8214,92.08,Books
Product 8215,645.49,Toys
Product 8216,18.76,Beauty
Product 8217,950.36,Beauty
Product 8218,896.18,Tools
Product 8219,282.34,Garden
Product 8220,14.98,Tools
Product 8221,757.31,Beauty
Product 8222,174.67,Toys
Product 8223,598.38,Tools
Product 8224,94.51,Beauty
Product 8225,22.68,Tools
Product 8226,811.68,Sports
Product 8227,299.17,Tools
Product 8228,413.20,Sports
Product 8229,432.35,Clothing
Product 8230,654.72,Garden
Product 8231,516.22,Garden
Product 8232,387.30,Beauty
Product 8233,352.14,Food
Product 8234,578.69,Tools
Product 8235,718.86,Clothing
Product 8236,290.34,Tools
Product 8237,655.03,Toys
Product 8238,783.21,Home
Product 8239,347.40,Sports
Product 8240,984.18,Sports
Product 8241,920.05,Clothing
Product 8242,179.21,Electronics
Product 8243,160.88,Toys
Product 8244,287.52,Food
Product 8245,918.38,Electronics
Product 8246,496.80,Books
Product 8247,831.74,Beauty
Product 8248,344.32,Tools
Product 8249,875.33,Garden
Product 8250,971.76,Sports
Product 8251,772.25,Tools
Product 8252,295.63,Food
Product 8253,794.04,Sports
Product 8254,289.32,Clothing
Product 8255,681.14,Garden
Product 8256,602.75,Clothing
Product 8257,975.91,Clothing
Product 8258,328.57,Toys
Product 8259,53.30,Beauty
Product 8260,763.16,Food
Product 8261,562.30,Food
Product 8262,343.71,Home
Product 8263,236.55,Toys
Product 8264,169.41,Food
Product 8265,319.16,Home
Product 8266,443.60,Home
Product 8267,59.01,Food
Product 8268,740.80,Toys
Product 8269,28.37,Tools
Product 8270,11.19,Home
Product 8271,833.14,Clothing
Product 8272,16.99,Books
Product 8273,564.60,Food
Product 8274,47.31,Electronics
Product 8275,143.04,Electronics
Product 8276,255.38,Beauty
Product 8277,329.02,Tools
Product 8278,284.53,Sports
Product 8279,170.94,Food
Product 8280,981.98,Beauty
Product 8281,905.05,Garden
Product 8282,318.89,Clothing
Product 8283,497.58,Tools
Product 8284,231.47,Electronics
Product 8285,729.94,Beauty
Product 8286,642.03,Home
Product 8287,252.24,Beauty
Product 8288,464.61,Tools
Product 8289,201.02,Books
Product 8290,912.61,Books
Product 8291,333.67,Beauty
Product 8292,283.20,Clothing
Product 8293,594.18,Electronics
Product 8294,641.08,Electronics
Product 8295,918.32,Tools
Product 8296,443.50,Clothing
Product 8297,625.35,Beauty
Product 8298,736.35,Food
Product 8299,939.57,Sports
Product 8300,166.56,Food
Product 8301,327.00,Books
Product 8302,477.63,Garden
Product 8303,700.41,Clothing
Product 8304,644.61,Food
Product 8305,924.97,Beauty
Product 8306,714.26,Electronics
Product 8307,325.93,Toys
Product 8308,296.47,Electronics
Product 8309,973.25,Books
Product 8310,437.11,Food
Product 8311,275.90,Electronics
Product 8312,216.44,Beauty
Product 8313,742.02,Books
Product 8314,947.32,Books
Product 8315,377.59,Beauty
Product 8316,995.57,Home
Product 8317,239.90,Sports
Product 8318,655.01,Electronics
Product 8319,818.80,Sports
Product 8320,965.90,Sports
Product 8321,873.58,Electronics
Product 8322,310.08,Food
Product 8323,603.59,Electronics
Product 8324,393.96,Electronics
Product 8325,639.13,Tools
Product 8326,166.47,Home
Product 8327,26.89,Tools
Product 8328,133.25,Electronics
Product 8329,840.63,Tools
Product 8330,341.16,Sports
Product 8331,305.17,Electronics
Product 8332,553.00,Electronics
Product 8333,724.02,Sports
Product 8334,630.76,Tools
Product 8335,412.96,Tools
Product 8336,102.77,Food
Product 8337,304.02,Electronics
Product 8338,826.00,Beauty
Product 8339,848.73,Sports
Product 8340,19.21,Food
Product 8341,860.13,Books
Product 8342,959.82,Beauty
Product 8343,806.76,Books
Product 8344,107.37,Home
Product 8345,247.77,Sports
Product 8346,500.14,Books
Product 8347,395.95,Garden
Product 8348,14.96,Toys
Product 8349,112.43,Electronics
Product 8350,461.59,Food
Product 8351,414.38,Tools
Product 8352,787.47,Clothing
Product 8353,14.85,Sports
Product 8354,619.52,Electronics
Product 8355,166.26,Clothing
Product 8356,596.28,Sports
Product 8357,252.77,Sports
Product 8358,745.87,Books
Product 8359,35.41,Sports
Product 8360,286.67,Food
Product 8361,740.96,Books
Product 8362,649.52,Garden
Product 8363,554.60,Clothing
Product 8364,995.92,Electronics
Product 8365,902.31,Beauty
Product 8366,687.06,Tools
Product 8367,290.65,Clothing
Product 8368,54.69,Toys
Product 8369,862.62,Toys
Product 8370,296.89,Beauty
Product 8371,236.59,Home
Product 8372,448.60,Electronics
Product 8373,725.21,Tools
Product 8374,210.61,Sports
Product 8375,605.52,Garden
Product 8376,242.18,Electronics
Product 8377,669.72,Food
Product 8378,635.24,Toys
Product 8379,944.27,Clothing
Product 8380,897.11,Toys
Product 8381,976.99,Books
Product 8382,264.11,Toys
Product 8383,209.77,Food
Product 8384,458.54,Garden
Product 8385,302.07,Toys
Product 8386,658.42,Garden
Product 8387,779.61,Clothing
Product 8388,7.32,Garden
Product 8389,994.04,Food
Product 8390,695.37,Home
Product 8391,588.86,Food
Product 8392,32.24,Clothing
Product 8393,153.52,Sports
Product 8394,47.27,Electronics
Product 8395,368.93,Beauty
Product 8396,599.98,Beauty
Product 8397,731.57,Tools
Product 8398,903.30,Beauty
Product 8399,339.03,Electronics
Product 8400,646.50,Tools
Product 8401,756.76,Tools
Product 8402,876.24,Garden
Product 8403,258.47,Electronics
Product 8404,951.53,Beauty
Product 8405,980.12,Tools
Product 8406,511.43,Sports
Product 8407,55.94,Clothing
Product 8408,921.45,Beauty
Product 8409,460.24,Garden
Product 8410,529.22,Food
Product 8411,291.67,Clothing
Product 8412,72.22,Tools
Product 8413,773.71,Sports
Product 8414,124.25,Clothing
Product 8415,205.42,Electronics
Product 8416,286.94,Food
Product 8417,578.90,Sports
Product 8418,96.16,Food
Product 8419,621.80,Sports
Product 8420,531.45,Toys
Product 8421,161.42,Garden
Product 8422,140.74,Beauty
Product 8423,414.10,Toys
Product 8424,917.57,Tools
Product 8425,794.90,Electronics
Product 8426,524.62,Food
Product 8427,387.29,Sports
Product 8428,529.09,Toys
Product 8429,930.56,Garden
Product 8430,530.23,Beauty
Product 8431,145.85,Sports
Product 8432,750.11,Electronics
Product 8433,960.64,Sports
Product 8434,674.66,Food
Product 8435,292.63,Toys
Product 8436,637.62,Sports
Product 8437,941.53,Books
Product 8438,988.86,Beauty
Product 8439,260.35,Food
Product 8440,994.34,Garden
Product 8441,319.31,Electronics
Product 8442,470.68,Clothing
Product 8443,589.60,Food
Product 8444,193.60,Toys
Product 8445,259.34,Toys
Product 8446,426.00,Books
Product 8447,115.39,Garden
Product 8448,116.34,Food
Product 8449,554.21,Sports
Product 8450,809.74,Home
Product 8451,305.73,Books
Product 8452,131.53,Food
Product 8453,664.81,Books
Product 8454,178.42,Toys
Product 8455,104.32,Tools
Product 8456,379.40,Food
Product 8457,763.07,Sports
Product 8458,849.10,Garden
Product 8459,499.77,Electronics
Product 8460,173.80,Electronics
Product 8461,424.29,Tools
Product 8462,230.20,Garden
Product 8463,259.49,Home
Product 8464,747.76,Home
Product 8465,87.83,Tools
Product 8466,394.04,Electronics
Product 8467,713.07,Beauty
Product 8468,50.00,Garden
Product 8469,944.74,Books
Product 8470,854.38,Food
Product 8471,588.34,Tools
Product 8472,286.30,Clothing
Product 8473,821.01,Food
Product 8474,305.30,Food
Product 8475,725.42,Food
Product 8476,36.62,Sports
Product 8477,620.64,Home
Product 8478,298.72,Beauty
Product 8479,88.03,Sports
Product 8480,706.64,Toys
Product 8481,231.25,Books
Product 8482,28.92,Tools
Product 8483,352.99,Beauty
Product 8484,770.08,Garden
Product 8485,684.69,Beauty
Product 8486,140.23,Home
Product 8487,435.91,Tools
Product 8488,427.40,Electronics
Product 8489,440.53,Sports
Product 8490,37.46,Home
Product 8491,121.77,Tools
Product 8492,35.50,Toys
Product 8493,613.27,Food
Product 8494,760.61,Home
Product 8495,436.28,Garden
Product 8496,662.16,Toys
Product 8497,88.10,Clothing
Product 8498,883.21,Electronics
Product 8499,599.51,Garden
Product 8500,13.90,Toys
Product 8501,608.84,Tools
Product 8502,176.74,Tools
Product 8503,203.13,Clothing
Product 8504,606.04,Electronics
Product 8505,9.55,Clothing
Product 8506,870.26,Books
Product 8507,456.45,Food
Product 8508,882.79,Beauty
Product 8509,250.84,Tools
Product 8510,562.61,Garden
Product 8511,483.67,Home
Product 8512,818.38,Home
Product 8513,89.21,Home
Product 8514,933.43,Tools
Product 8515,194.76,Beauty
Product 8516,284.57,Food
Product 8517,763.36,Home
Product 8518,881.59,Electronics
Product 8519,136.07,Home
Product 8520,606.98,Toys
Product 8521,182.57,Tools
Product 8522,11.52,Home
Product 8523,263.44,Home
Product 8524,967.26,Garden
Product 8525,774.91,Electronics
Product 8526,397.17,Garden
Product 8527,174.35,Tools
Product 8528,348.13,Home
Product 8529,517.83,Beauty
Product 8530,33.88,Garden
Product 8531,429.93,Tools
Product 8532,767.57,Electronics
Product 8533,495.03,Garden
Product 8534,898.40,Clothing
Product 8535,533.61,Home
Product 8536,352.75,Beauty
Product 8537,468.20,Sports
Product 8538,819.30,Tools
Product 8539,112.55,Electronics
Product 8540,849.04,Beauty
Product 8541,133.22,Garden
Product 8542,197.34,Garden
Product 8543,499.21,Garden
Product 8544,444.81,Home
Product 8545,819.51,Books
Product 8546,756.60,Books
Product 8547,636.12,Food
Product 8548,697.72,Toys
Product 8549,791.19,Sports
Product 8550,813.14,Sports
Product 8551,209.95,Food
Product 8552,924.01,Books
Product 8553,120.37,Clothing
Product 8554,292.29,Electronics
Product 8555,664.31,Sports
Product 8556,263.85,Food
Product 8557,958.00,Electronics
Product 8558,791.29,Beauty
Product 8559,189.44,Beauty
Product 8560,53.53,Electronics
Product 8561,632.88,Clothing
Product 8562,281.31,Electronics
Product 8563,75.74,Toys
Product 8564,691.20,Food
Product 8565,410.13,Garden
Product 8566,628.74,Garden
Product 8567,784.45,Sports
Product 8568,344.49,Garden
Product 8569,105.09,Electronics
Product 8570,526.96,Food
Product 8571,852.94,Toys
Product 8572,414.73,Garden
Product 8573,897.85,Home
Product 8574,461.94,Clothing
Product 8575,192.51,Beauty
Product 8576,102.06,Toys
Product 8577,619.41,Toys
Product 8578,847.99,Tools
Product 8579,870.93,Tools
Product 8580,336.77,Clothing
Product 8581,331.79,Food
Product 8582,126.88,Electronics
Product 8583,62.45,Home
Product 8584,563.95,Books
Product 8585,837.43,Toys
Product 8586,32.21,Food
Product 8587,489.45,Toys
Product 8588,396.97,Clothing
Product 8589,463.81,Tools
Product 8590,985.14,Clothing
Product 8591,176.10,Food
Product 8592,631.92,Toys
Product 8593,470.83,Books
Product 8594,306.13,Home
Product 8595,191.08,Clothing
Product 8596,580.57,Toys
Product 8597,713.19,Beauty
Product 8598,790.39,Electronics
Product 8599,663.74,Electronics
Product 8600,330.24,Clothing
Product 8601,706.41,Electronics
Product 8602,552.91,Sports
Product 8603,139.35,Clothing
Product 8604,216.99,Home
Product 8605,337.63,Electronics
Product 8606,753.18,Books
Product 8607,757.37,Tools
Product 8608,482.55,Home
Product 8609,6.51,Sports
Product 8610,289.22,Clothing
Product 8611,845.45,Home
Product 8612,35.34,Garden
Product 8613,401.39,Toys
Product 8614,906.07,Clothing
Product 8615,218.42,Toys
Product 8616,480.80,Sports
Product 8617,535.71,Clothing
Product 8618,703.34,Books
Product 8619,392.13,Garden
Product 8620,885.93,Toys
Product 8621,636.18,Food
Product 8622,65.08,Toys
Product 8623,371.02,Beauty
Product 8624,594.15,Food
Product 8625,246.34,Electronics
Product 8626,881.72,Garden
Product 8627,570.78,Sports
Product 8628,284.57,Beauty
Product 8629,108.72,Home
Product 8630,472.74,Toys
Product 8631,448.76,Beauty
Product 8632,425.58,Food
Product 8633,284.10,Garden
Product 8634,313.94,Home
Product 8635,864.66,Garden
Product 8636,326.67,Beauty
Product 8637,297.79,Sports
Product 8638,876.85,Electronics
Product 8639,256.43,Home
Product 8640,282.85,Electronics
Product 8641,847.98,Home
Product 8642,167.51,Garden
Product 8643,375.40,Electronics
Product 8644,294.53,Food
Product 8645,137.74,Clothing
Product 8646,473.34,Tools
Product 8647,477.80,Clothing
Product 8648,676.45,Garden
Product 8649,290.74,Tools
Product 8650,277.49,Books
Product 8651,426.35,Toys
Product 8652,662.33,Food
Product 8653,192.79,Garden
Product 8654,466.75,Books
Product 8655,781.30,Food
Product 8656,190.82,Garden
Product 8657,118.41,Sports
Product 8658,18.11,Clothing
Product 8659,732.18,Clothing
Product 8660,574.74,Beauty
Product 8661,545.06,Sports
Product 8662,278.50,Clothing
Product 8663,387.01,Tools
Product 8664,175.40,Toys
Product 8665,892.50,Sports
Product 8666,128.77,Home
Product 8667,966.71,Food
Product 8668,18.41,Electronics
Product 8669,717.95,Home
Product 8670,254.77,Electronics
Product 8671,500.69,Tools
Product 8672,242.18,Tools
Product 8673,749.23,Food
Product 8674,955.48,Clothing
Product 8675,55.68,Garden
Product 8676,298.77,Toys
Product 8677,513.94,Clothing
Product 8678,380.99,Garden
Product 8679,484.70,Home
Product 8680,721.66,Books
Product 8681,975.53,Tools
Product 8682,578.71,Tools
Product 8683,298.80,Home
Product 8684,15.42,Sports
Product 8685,975.74,Tools
Product 8686,548.16,Tools
Product 8687,788.99,Tools
Product 8688,119.37,Clothing
Product 8689,742.04,Food
Product 8690,652.88,Books
Product 8691,419.48,Clothing
Product 8692,794.33,Sports
Product 8693,941.79,Toys
Product 8694,410.20,Electronics
Product 8695,828.62,Electronics
Product 8696,86.64,Electronics
Product 8697,200.61,Toys
Product 8698,418.94,Garden
Product 8699,115.23,Toys
Product 8700,939.32,Tools
Product 8701,57.69,Beauty
Product 8702,222.34,Food
Product 8703,537.64,Electronics
Product 8704,284.04,Beauty
Product 8705,992.36,Garden
Product 8706,478.92,Clothing
Product 8707,102.62,Beauty
Product 8708,100.48,Toys
Product 8709,581.69,Beauty
Product 8710,288.93,Books
Product 8711,269.19,Toys
Product 8712,756.79,Sports
Product 8713,742.07,Sports
Product 8714,317.42,Toys
Product 8715,885.67,Clothing
Product 8716,831.46,Books
Product 8717,848.63,Books
Product 8718,683.42,Electronics
Product 8719,131.56,Beauty
Product 8720,803.82,Garden
Product 8721,481.59,Tools
Product 8722,599.47,Books
Product 8723,590.64,Books
Product 8724,115.93,Tools
Product 8725,626.35,Tools
Product 8726,500.96,Electronics
Product 8727,99.79,Beauty
Product 8728,924.56,Clothing
Product 8729,93.87,Beauty
Product 8730,785.95,Sports
Product 8731,763.02,Home
Product 8732,796.07,Food
Product 8733,690.56,Beauty
Product 8734,385.32,Toys
Product 8735,788.23,Beauty
Product 8736,102.04,Home
Product 8737,755.66,Tools
Product 8738,26.44,Electronics
Product 8739,427.18,Toys
Product 8740,222.23,Sports
Product 8741,967.31,Garden
Product 8742,688.33,Garden
Product 8743,9.26,Tools
Product 8744,470.40,Food
Product 8745,704.61,Clothing
Product 8746,680.27,Books
Product 8747,792.76,Sports
Product 8748,209.44,Beauty
Product 8749,743.86,Home
Product 8750,814.37,Toys
Product 8751,341.05,Beauty
Product 8752,307.02,Clothing
Product 8753,689.66,Clothing
Product 8754,259.44,Sports
Product 8755,34.27,Sports
Product 8756,791.61,Electronics
Product 8757,871.02,Books
Product 8758,61.36,Sports
Product 8759,695.11,Tools
Product 8760,553.16,Books
Product 8761,527.82,Clothing
Product 8762,268.41,Tools
Product 8763,635.45,Garden
Product 8764,614.54,Books
Product 8765,157.02,Electronics
Product 8766,772.04,Sports
Product 8767,279.27,Beauty
Product 8768,111.32,Tools
Product 8769,450.28,Electronics
Product 8770,306.40,Tools
Product 8771,586.57,Food
Product 8772,237.91,Electronics
Product 8773,385.11,Home
Product 8774,436.83,Food
Product 8775,260.35,Food
Product 8776,472.98,Books
Product 8777,493.15,Beauty
Product 8778,706.86,Home
Product 8779,986.51,Beauty
Product 8780,521.01,Garden
Product 8781,633.13,Home
Product 8782,195.19,Clothing
Product 8783,126.09,Toys
Product 8784,433.04,Tools
Product 8785,163.19,Books
Product 8786,703.54,Clothing
Product 8787,793.69,Home
Product 8788,158.57,Toys
Product 8789,246.18,Garden
Product 8790,274.71,Garden
Product 8791,430.74,Garden
Product 8792,318.56,Books
Product 8793,273.68,Books
Product 8794,135.79,Garden
Product 8795,976.00,Books
Product 8796,813.00,Clothing
Product 8797,538.38,Home
Product 8798,303.96,Home
Product 8799,992.10,Electronics
Product 8800,261.59,Food
Product 8801,139.38,Tools
Product 8802,604.35,Books
Product 8803,742.93,Home
Product 8804,345.86,Tools
Product 8805,650.74,Clothing
Product 8806,453.32,Tools
Product 8807,834.28,Food
Product 8808,388.21,Toys
Product 8809,214.80,Tools
Product 8810,54.71,Tools
Product 8811,912.56,Books
Product 8812,813.47,Home
Product 8813,362.31,Sports
Product 8814,479.83,Beauty
Product 8815,457.24,Toys
Product 8816,585.46,Clothing
Product 8817,790.98,Beauty
Product 8818,617.79,Food
Product 8819,755.99,Beauty
Product 8820,794.36,Home
Product 8821,942.61,Electronics
Product 8822,236.07,Tools
Product 8823,645.03,Electronics
Product 8824,978.61,Tools
Product 8825,721.54,Food
Product 8826,716.38,Food
Product 8827,235.28,Beauty
Product 8828,177.26,Books
Product 8829,69.64,Beauty
Product 8830,335.15,Tools
Product 8831,74.40,Books
Product 8832,143.08,Home
Product 8833,588.06,Clothing
Product 8834,304.40,Sports
Product 8835,258.52,Clothing
Product 8836,873.75,Sports
Product 8837,140.49,Food
Product 8838,582.55,Tools
Product 8839,874.87,Food
Product 8840,222.55,Clothing
Product 8841,384.01,Sports
Product 8842,228.21,Electronics
Product 8843,743.22,Home
Product 8844,921.81,Clothing
Product 8845,286.31,Garden
Product 8846,49.16,Home
Product 8847,746.45,Food
Product 8848,387.99,Beauty
Product 8849,950.45,Electronics
Product 8850,499.53,Electronics
Product 8851,40.16,Toys
Product 8852,82.58,Toys
Product 8853,494.43,Food
Product 8854,269.63,Electronics
Product 8855,353.99,Electronics
Product 8856,202.01,Sports
Product 8857,545.32,Books
Product 8858,891.13,Beauty
Product 8859,313.72,Beauty
Product 8860,219.92,Toys
Product 8861,594.96,Books
Product 8862,951.14,Electronics
Product 8863,707.04,Beauty
Product 8864,651.35,Books
Product 8865,499.39,Electronics
Product 8866,879.64,Books
Product 8867,379.90,Beauty
Product 8868,506.66,Beauty
Product 8869,810.73,Garden
Product 8870,28.70,Home
Product 8871,397.00,Home
Product 8872,509.27,Books
Product 8873,929.18,Home
Product 8874,838.35,Books
Product 8875,735.11,Home
Product 8876,761.40,Garden
Product 8877,307.21,Toys
Product 8878,816.94,Clothing
Product 8879,827.48,Sports
Product 8880,969.85,Beauty
Product 8881,421.90,Tools
Product 8882,219.04,Tools
Product 8883,910.92,Garden
Product 8884,491.94,Food
Product 8885,479.98,Tools
Product 8886,445.71,Beauty
Product 8887,621.63,Toys
Product 8888,461.04,Sports
Product 8889,862.61,Home
Product 8890,351.96,Home
Product 8891,847.32,Tools
Product 8892,656.34,Books
Product 8893,51.15,Beauty
Product 8894,705.45,Books
Product 8895,751.78,Food
Product 8896,862.75,Sports
Product 8897,403.05,Sports
Product 8898,651.29,Books
Product 8899,590.83,Tools
Product 8900,100.16,Home
Product 8901,370.64,Food
Product 8902,443.62,Books
Product 8903,464.27,Sports
Product 8904,59.90,Beauty
Product 8905,674.33,Toys
Product 8906,748.05,Tools
Product 8907,920.46,Electronics
Product 8908,363.84,Home
Product 8909,84.73,Food
Product 8910,741.66,Sports
Product 8911,566.31,Sports
Product 8912,778.11,Books
Product 8913,333.98,Clothing
Product 8914,862.51,Tools
Product 8915,270.08,Food
Product 8916,680.44,Beauty
Product 8917,955.78,Clothing
Product 8918,143.40,Toys
Product 8919,368.83,Electronics
Product 8920,760.15,Toys
Product 8921,268.70,Home
Product 8922,504.14,Clothing
Product 8923,157.15,Beauty
Product 8924,236.46,Books
Product 8925,792.87,Tools
Product 8926,253.55,Beauty
Product 8927,366.92,Food
Product 8928,551.18,Books
Product 8929,632.89,Electronics
Product 8930,860.65,Beauty
Product 8931,293.33,Toys
Product 8932,172.39,Electronics
Product 8933,76.08,Sports
Product 8934,288.88,Tools
Product 8935,301.94,Tools
Product 8936,391.62,Sports
Product 8937,641.44,Sports
Product 8938,81.94,Electronics
Product 8939,532.04,Home
Product 8940,889.92,Garden
Product 8941,838.22,Home
Product 8942,239.94,Toys
Product 8943,203.83,Tools
Product 8944,706.85,Food
Product 8945,940.40,Clothing
Product 8946,217.90,Toys
Product 8947,234.43,Tools
Product 8948,207.31,Electronics
Product 8949,810.73,Tools
Product 8950,207.43,Sports
Product 8951,599.00,Home
Product 8952,420.28,Books
Product 8953,616.21,Electronics
Product 8954,57.74,Electronics
Product 8955,665.53,Home
Product 8956,354.37,Clothing
Product 8957,396.67,Electronics
Product 8958,330.83,Tools
Product 8959,427.07,Clothing
Product 8960,640.95,Electronics
Product 8961,101.98,Electronics
Product 8962,572.49,Garden
Product 8963,682.19,Electronics
Product 8964,856.41,Books
Product 8965,942.97,Toys
Product 8966,63.82,Beauty
Product 8967,517.45,Garden
Product 8968,849.07,Sports
Product 8969,612.25,Tools
Product 8970,292.14,Tools
Product 8971,209.26,Garden
Product 8972,525.67,Garden
Product 8973,637.33,Clothing
Product 8974,739.89,Clothing
Product 8975,56.13,Beauty
Product 8976,653.56,Toys
Product 8977,586.43,Garden
Product 8978,187.52,Beauty
Product 8979,168.47,Sports
Product 8980,363.82,Beauty
Product 8981,306.59,Garden
Product 8982,229.97,Books
Product 8983,554.82,Books
Product 8984,320.20,Home
Product 8985,175.37,Home
Product 8986,111.31,Garden
Product 8987,155.74,Toys
Product 8988,266.73,Clothing
Product 8989,235.51,Toys
Product 8990,689.28,Beauty
Product 8991,112.61,Food
Product 8992,695.86,Electronics
Product 8993,436.66,Garden
Product 8994,174.31,Books
Product 8995,505.96,Beauty
Product 8996,97.87,Clothing
Product 8997,720.41,Toys
Product 8998,728.04,Beauty
Product 8999,845.06,Garden
Product 9000,595.38,Beauty
Product 9001,524.82,Toys
Product 9002,222.19,Books
Product 9003,485.41,Electronics
Product 9004,565.38,Home
Product 9005,297.90,Tools
Product 9006,974.17,Beauty
Product 9007,621.16,Garden
Product 9008,81.85,Books
Product 9009,955.98,Home
Product 9010,19.60,Electronics
Product 9011,291.65,Garden
Product 9012,619.88,Toys
Product 9013,289.18,Beauty
Product 9014,573.76,Food
Product 9015,736.07,Toys
Product 9016,247.96,Clothing
Product 9017,694.56,Home
Product 9018,576.46,Toys
Product 9019,62.27,Beauty
Product 9020,277.73,Beauty
Product 9021,700.57,Books
Product 9022,110.71,Tools
Product 9023,887.64,Food
Product 9024,197.32,Sports
Product 9025,880.15,Sports
Product 9026,371.27,Books
Product 9027,341.12,Beauty
Product 9028,6.21,Home
Product 9029,178.76,Food
Product 9030,301.17,Electronics
Product 9031,887.18,Toys
Product 9032,696.34,Clothing
Product 9033,455.02,Sports
Product 9034,408.71,Electronics
Product 9035,141.92,Sports
Product 9036,767.40,Electronics
Product 9037,519.51,Home
Product 9038,139.34,Electronics
Product 9039,523.69,Garden
Product 9040,521.21,Tools
Product 9041,625.08,Beauty
Product 9042,756.70,Clothing
Product 9043,47.30,Books
Product 9044,382.04,Home
Product 9045,820.74,Tools
Product 9046,79.27,Toys
Product 9047,210.41,Clothing
Product 9048,788.05,Toys
Product 9049,224.69,Food
Product 9050,34.77,Electronics
Product 9051,145.88,Home
Product 9052,624.27,Food
Product 9053,313.33,Toys
Product 9054,92.55,Electronics
Product 9055,211.86,Garden
Product 9056,548.46,Electronics
Product 9057,966.41,Books
Product 9058,868.30,Electronics
Product 9059,859.92,Toys
Product 9060,369.17,Electronics
Product 9061,30.82,Home
Product 9062,525.03,Electronics
Product 9063,621.66,Electronics
Product 9064,101.83,Clothing
Product 9065,549.31,Electronics
Product 9066,613.36,Books
Product 9067,599.47,Electronics
Product 9068,482.49,Tools
Product 9069,363.68,Books
Product 9070,682.76,Clothing
Product 9071,498.31,Books
Product 9072,577.45,Toys
Product 9073,125.45,Clothing
Product 9074,578.39,Beauty
Product 9075,363.13,Beauty
Product 9076,310.33,Garden
Product 9077,111.36,Beauty
Product 9078,651.89,Sports
Product 9079,889.54,Tools
Product 9080,952.06,Sports
Product 9081,51.56,Garden
Product 9082,227.32,Clothing
Product 9083,334.72,Tools
Product 9084,209.88,Tools
Product 9085,956.31,Beauty
Product 9086,882.04,Food
Product 9087,41.43,Toys
Product 9088,867.30,Toys
Product 9089,624.55,Home
Product 9090,578.68,Beauty
Product 9091,260.74,Food
Product 9092,294.78,Tools
Product 9093,582.88,Clothing
Product 9094,854.13,Electronics
Product 9095,388.66,Clothing
Product 9096,998.69,Beauty
Product 9097,738.33,Books
Product 9098,918.15,Beauty
Product 9099,149.02,Toys
Product 9100,78.07,Beauty
Product 9101,70.79,Beauty
Product 9102,402.20,Tools
Product 9103,456.11,Tools
Product 9104,793.55,Home
Product 9105,428.10,Garden
Product 9106,790.67,Tools
Product 9107,895.09,Food
Product 9108,366.73,Food
Product 9109,401.42,Toys
Product 9110,420.58,Sports
Product 9111,115.85,Sports
Product 9112,342.55,Books
Product 9113,967.27,Sports
Product 9114,460.08,Garden
Product 9115,819.94,Sports
Product 9116,177.21,Toys
Product 9117,50.19,Books
Product 9118,697.27,Food
Product 9119,756.87,Food
Product 9120,415.82,Sports
Product 9121,213.08,Tools
Product 9122,364.06,Home
Product 9123,222.60,Books
Product 9124,317.36,Clothing
Product 9125,650.17,Beauty
Product 9126,277.56,Home
Product 9127,581.42,Beauty
Product 9128,616.27,Home
Product 9129,130.66,Electronics
Product 9130,242.96,Electronics
Product 9131,236.71,Toys
Product 9132,585.31,Garden
Product 9133,411.82,Home
Product 9134,718.86,Clothing
Product 9135,773.21,Beauty
Product 9136,190.63,Tools
Product 9137,686.66,Sports
Product 9138,76.36,Clothing
Product 9139,437.28,Sports
Product 9140,784.04,Electronics
Product 9141,567.69,Toys
Product 9142,878.50,Beauty
Product 9143,830.75,Sports
Product 9144,943.85,Food
Product 9145,716.79,Beauty
Product 9146,495.51,Home
Product 9147,42.66,Toys
Product 9148,606.29,Sports
Product 9149,233.24,Food
Product 9150,706.26,Beauty
Product 9151,612.74,Tools
Product 9152,612.01,Clothing
Product 9153,155.74,Beauty
Product 9154,491.19,Clothing
Product 9155,990.07,Electronics
Product 9156,610.13,Books
Product 9157,140.98,Beauty
Product 9158,344.75,Tools
Product 9159,43.23,Toys
Product 9160,837.86,Sports
Product 9161,265.91,Home
Product 9162,672.31,Tools
Product 9163,177.80,Toys
Product 9164,850.50,Toys
Product 9165,482.25,Tools
Product 9166,731.39,Toys
Product 9167,241.96,Sports
Product 9168,185.84,Food
Product 9169,973.36,Books
Product 9170,663.28,Home
Product 9171,82.08,Clothing
Product 9172,245.24,Food
Product 9173,898.04,Electronics
Product 9174,750.31,Home
Product 9175,879.12,Toys
Product 9176,818.96,Garden
Product 9177,741.36,Electronics
Product 9178,518.23,Garden
Product 9179,698.66,Food
Product 9180,371.89,Electronics
Product 9181,509.30,Food
Product 9182,246.18,Books
Product 9183,677.86,Food
Product 9184,232.63,Tools
Product 9185,842.50,Toys
Product 9186,295.16,Books
Product 9187,22.95,Tools
Product 9188,118.87,Books
Product 9189,220.39,Electronics
Product 9190,229.08,Sports
Product 9191,632.89,Clothing
Product 9192,276.22,Toys
Product 9193,260.91,Sports
Product 9194,220.19,Sports
Product 9195,360.43,Beauty
Product 9196,417.67,Toys
Product 9197,366.15,Garden
Product 9198,706.71,Sports
Product 9199,695.38,Food
Product 9200,200.50,Electronics
Product 9201,322.10,Toys
Product 9202,237.82,Home
Product 9203,986.08,Books
Product 9204,497.31,Toys
Product 9205,338.57,Electronics
Product 9206,823.95,Garden
Product 9207,991.99,Books
Product 9208,964.87,Sports
Product 9209,787.08,Electronics
Product 9210,316.04,Beauty
Product 9211,336.17,Toys
Product 9212,222.22,Beauty
Product 9213,278.12,Home
Product 9214,626.85,Home
Product 9215,192.58,Garden
Product 9216,359.91,Garden
Product 9217,38.25,Electronics
Product 9218,48.33,Sports
Product 9219,898.10,Toys
Product 9220,958.79,Beauty
Product 9221,197.41,Food
Product 9222,327.05,Beauty
Product 9223,364.97,Tools
Product 9224,333.07,Books
Product 9225,16.08,Toys
Product 9226,890.51,Toys
Product 9227,59.59,Toys
Product 9228,793.12,Garden
Product 9229,674.79,Clothing
Product 9230,214.64,Tools
Product 9231,223.06,Sports
Product 9232,906.59,Home
Product 9233,49.60,Clothing
Product 9234,141.78,Garden
Product 9235,365.15,Food
Product 9236,782.01,Garden
Product 9237,920.74,Electronics
Product 9238,651.13,Home
Product 9239,736.61,Clothing
Product 9240,875.74,Clothing
Product 9241,825.26,Sports
Product 9242,582.63,Sports
Product 9243,95.61,Toys
Product 9244,464.66,Electronics
Product 9245,848.59,Garden
Product 9246,249.33,Toys
Product 9247,919.93,Home
Product 9248,321.08,Electronics
Product 9249,225.59,Toys
Product 9250,202.01,Toys
Product 9251,417.67,Home
Product 9252,396.03,Electronics
Product 9253,487.79,Clothing
Product 9254,748.22,Tools
Product 9255,61.67,Tools
Product 9256,523.75,Beauty
Product 9257,560.29,Clothing
Product 9258,520.80,Toys
Product 9259,710.29,Sports
Product 9260,120.62,Books
Product 9261,872.78,Tools
Product 9262,300.59,Toys
Product 9263,261.75,Electronics
Product 9264,469.96,Sports
Product 9265,246.19,Books
Product 9266,374.02,Sports
Product 9267,638.92,Tools
Product 9268,590.50,Books
Product 9269,417.70,Books
Product 9270,374.54,Toys
Product 9271,792.11,Electronics
Product 9272,149.23,Electronics
Product 9273,403.15,Food
Product 9274,511.14,Tools
Product 9275,533.19,Food
Product 9276,90.16,Beauty
Product 9277,261.42,Clothing
Product 9278,911.23,Sports
Product 9279,271.28,Garden
Product 9280,587.04,Toys
Product 9281,91.66,Toys
Product 9282,466.14,Tools
Product 9283,936.18,Sports
Product 9284,344.52,Electronics
Product 9285,194.24,Food
Product 9286,850.15,Electronics
Product 9287,309.53,Tools
Product 9288,595.53,Food
Product 9289,295.41,Electronics
Product 9290,382.55,Tools
Product 9291,838.49,Tools
Product 9292,294.29,Tools
Product 9293,25.54,Beauty
Product 9294,470.52,Sports
Product 9295,407.26,Toys
Product 9296,616.63,Electronics
Product 9297,262.05,Tools
Product 9298,770.43,Home
Product 9299,826.46,Sports
Product 9300,773.03,Home
Product 9301,750.79,Tools
Product 9302,766.20,Toys
Product 9303,20.03,Food
Product 9304,426.69,Food
Product 9305,760.41,Books
Product 9306,562.09,Electronics
Product 9307,924.93,Garden
Product 9308,586.36,Electronics
Product 9309,127.67,Clothing
Product 9310,608.54,Toys
Product 9311,169.53,Home
Product 9312,301.69,Toys
Product 9313,218.11,Garden
Product 9314,403.48,Food
Product 9315,451.39,Beauty
Product 9316,878.87,Garden
Product 9317,39.17,Home
Product 9318,893.51,Toys
Product 9319,205.02,Garden
Product 9320,603.30,Toys
Product 9321,900.88,Toys
Product 9322,291.04,Home
Product 9323,693.33,Toys
Product 9324,163.57,Garden
Product 9325,607.76,Garden
Product 9326,759.84,Food
Product 9327,53.19,Garden
Product 9328,683.77,Electronics
Product 9329,719.97,Electronics
Product 9330,390.86,Garden
Product 9331,561.97,Food
Product 9332,253.28,Electronics
Product 9333,974.77,Food
Product 9334,987.22,Beauty
Product 9335,154.83,Food
Product 9336,914.39,Tools
Product 9337,818.50,Food
Product 9338,937.49,Toys
Product 9339,744.28,Clothing
Product 9340,896.47,Books
Product 9341,470.33,Toys
Product 9342,397.61,Clothing
Product 9343,477.51,Garden
Product 9344,931.83,Books
Product 9345,774.69,Electronics
Product 9346,396.03,Electronics
Product 9347,195.50,Food
Product 9348,563.33,Toys
Product 9349,22.97,Garden
Product 9350,397.54,Beauty
Product 9351,502.27,Sports
Product 9352,531.03,Clothing
Product 9353,569.42,Electronics
Product 9354,578.18,Sports
Product 9355,462.34,Sports
Product 9356,939.13,Tools
Product 9357,229.15,Toys
Product 9358,583.51,Beauty
Product 9359,979.68,Books
Product 9360,647.82,Electronics
Product 9361,267.71,Clothing
Product 9362,354.73,Tools
Product 9363,777.78,Electronics
Product 9364,229.26,Books
Product 9365,622.86,Clothing
Product 9366,88.19,Clothing
Product 9367,714.82,Home
Product 9368,729.95,Toys
Product 9369,699.63,Toys
Product 9370,890.45,Tools
Product 9371,677.12,Electronics
Product 9372,829.65,Beauty
Product 9373,299.20,Books
Product 9374,282.22,Beauty
Product 9375,693.34,Beauty
Product 9376,222.36,Tools
Product 9377,677.60,Toys
Product 9378,377.25,Beauty
Product 9379,189.08,Books
Product 9380,646.68,Sports
Product 9381,257.70,Sports
Product 9382,679.61,Food
Product 9383,942.98,Food
Product 9384,767.98,Sports
Product 9385,759.39,Food
Product 9386,745.91,Beauty
Product 9387,101.11,Clothing
Product 9388,83.10,Home
Product 9389,928.82,Home
Product 9390,785.28,Tools
Product 9391,103.18,Sports
Product 9392,143.87,Clothing
Product 9393,216.70,Sports
Product 9394,107.42,Garden
Product 9395,630.92,Clothing
Product 9396,381.64,Sports
Product 9397,690.88,Books
Product 9398,537.59,Home
Product 9399,882.91,Garden
Product 9400,896.95,Beauty
Product 9401,700.35,Food
Product 9402,756.83,Toys
Product 9403,937.35,Sports
Product 9404,971.31,Sports
Product 9405,605.94,Sports
Product 9406,304.80,Toys
Product 9407,627.71,Sports
Product 9408,304.25,Tools
Product 9409,632.06,Tools
Product 9410,796.66,Clothing
Product 9411,668.08,Clothing
Product 9412,51.53,Tools
Product 9413,591.17,Garden
Product 9414,240.44,Home
Product 9415,632.53,Clothing
Product 9416,515.68,Garden
Product 9417,143.83,Home
Product 9418,365.78,Sports
Product 9419,728.84,Clothing
Product 9420,105.96,Garden
Product 9421,654.87,Food
Product 9422,564.26,Beauty
Product 9423,716.56,Books
Product 9424,682.30,Sports
Product 9425,373.01,Toys
Product 9426,611.82,Electronics
Product 9427,333.14,Tools
Product 9428,44.15,Toys
Product 9429,554.14,Food
Product 9430,975.94,Toys
Product 9431,615.79,Clothing
Product 9432,742.26,Electronics
Product 9433,194.74,Electronics
Product 9434,439.53,Books
Product 9435,678.00,Books
Product 9436,584.83,Beauty
Product 9437,42.53,Garden
Product 9438,793.48,Clothing
Product 9439,552.51,Sports
Product 9440,480.72,Toys
Product 9441,62.09,Clothing
Product 9442,798.05,Sports
Product 9443,191.10,Home
Product 9444,191.79,Books
Product 9445,233.42,Toys
Product 9446,793.00,Sports
Product 9447,490.38,Sports
Product 9448,797.37,Books
Product 9449,811.56,Beauty
Product 9450,92.14,Garden
Product 9451,334.19,Home
Product 9452,417.12,Home
Product 9453,815.32,Food
Product 9454,304.25,Food
Product 9455,849.17,Food
Product 9456,407.19,Tools
Product 9457,644.96,Toys
Product 9458,964.46,Home
Product 9459,730.23,Home
Product 9460,274.25,Books
Product 9461,57.68,Food
Product 9462,998.63,Books
Product 9463,250.29,Tools
Product 9464,965.90,Sports
Product 9465,950.27,Clothing
Product 9466,402.49,Food
Product 9467,173.23,Garden
Product 9468,758.86,Garden
Product 9469,177.46,Clothing
Product 9470,256.92,Garden
Product 9471,918.32,Toys
Product 9472,483.58,Clothing
Product 9473,80.71,Beauty
Product 9474,654.54,Food
Product 9475,839.45,Electronics
Product 9476,911.24,Electronics
Product 9477,982.47,Food
Product 9478,345.94,Beauty
Product 9479,333.56,Home
Product 9480,263.92,Electronics
Product 9481,647.34,Beauty
Product 9482,831.73,Toys
Product 9483,961.48,Electronics
Product 9484,410.21,Tools
Product 9485,658.63,Sports
Product 9486,38.74,Toys
Product 9487,20.67,Electronics
Product 9488,415.74,Books
Product 9489,524.61,Toys
Product 9490,585.14,Garden
Product 9491,544.29,Tools
Product 9492,848.28,Clothing
Product 9493,931.63,Toys
Product 9494,853.53,Beauty
Product 9495,338.53,Electronics
Product 9496,90.74,Food
Product 9497,761.96,Books
Product 9498,776.75,Sports
Product 9499,986.33,Electronics
Product 9500,575.39,Electronics
Product 9501,57.24,Tools
Product 9502,619.10,Beauty
Product 9503,822.98,Food
Product 9504,83.75,Home
Product 9505,295.42,Books
Product 9506,652.47,Electronics
Product 9507,968.90,Toys
Product 9508,503.02,Books
Product 9509,614.01,Toys
Product 9510,707.45,Electronics
Product 9511,620.01,Garden
Product 9512,391.04,Beauty
Product 9513,304.50,Clothing
Product 9514,237.56,Beauty
Product 9515,114.46,Beauty
Product 9516,464.52,Food
Product 9517,926.06,Garden
Product 9518,706.90,Tools
Product 9519,700.12,Tools
Product 9520,426.51,Garden
Product 9521,32.94,Toys
Product 9522,49.10,Electronics
Product 9523,327.42,Home
Product 9524,740.23,Books
Product 9525,217.60,Books
Product 9526,706.22,Home
Product 9527,958.22,Electronics
Product 9528,724.63,Books
Product 9529,183.41,Clothing
Product 9530,47.57,Electronics
Product 9531,227.30,Home
Product 9532,191.68,Home
Product 9533,175.44,Garden
Product 9534,839.98,Garden
Product 9535,27.42,Electronics
Product 9536,991.73,Tools
Product 9537,427.61,Garden
Product 9538,713.25,Garden
Product 9539,50.22,Tools
Product 9540,111.39,Home
Product 9541,64.43,Toys
Product 9542,532.89,Tools
Product 9543,417.15,Toys
Product 9544,209.92,Clothing
Product 9545,477.55,Food
Product 9546,557.14,Books
Product 9547,122.54,Garden
Product 9548,672.83,Beauty
Product 9549,165.03,Sports
Product 9550,264.93,Tools
Product 9551,979.67,Electronics
Product 9552,289.09,Garden
Product 9553,776.88,Garden
Product 9554,361.19,Beauty
Product 9555,372.28,Clothing
Product 9556,694.72,Toys
Product 9557,450.75,Electronics
Product 9558,544.08,Food
Product 9559,793.33,Garden
Product 9560,971.64,Tools
Product 9561,751.22,Tools
Product 9562,814.06,Sports
Product 9563,678.19,Books
Product 9564,590.58,Books
Product 9565,489.45,Food
Product 9566,529.23,Toys
Product 9567,194.11,Sports
Product 9568,192.08,Home
Product 9569,817.48,Tools
Product 9570,696.37,Tools
Product 9571,454.80,Tools
Product 9572,818.79,Electronics
Product 9573,236.84,Food
Product 9574,190.84,Toys
Product 9575,249.00,Toys
Product 9576,204.78,Beauty
Product 9577,937.02,Beauty
Product 9578,677.03,Sports
Product 9579,112.87,Electronics
Product 9580,427.05,Tools
Product 9581,808.38,Clothing
Product 9582,111.09,Sports
Product 9583,817.91,Sports
Product 9584,925.70,Sports
Product 9585,629.91,Toys
Product 9586,24.16,Toys
Product 9587,579.29,Food
Product 9588,181.69,Beauty
Product 9589,851.27,Garden
Product 9590,120.58,Books
Product 9591,308.15,Home
Product 9592,732.87,Home
Product 9593,685.20,Tools
Product 9594,461.85,Sports
Product 9595,442.66,Books
Product 9596,957.97,Sports
Product 9597,570.92,Food
Product 9598,757.81,Clothing
Product 9599,638.79,Beauty
Product 9600,523.47,Home
Product 9601,442.38,Tools
Product 9602,763.63,Garden
Product 9603,879.80,Home
Product 9604,445.52,Books
Product 9605,702.34,Garden
Product 9606,782.69,Sports
Product 9607,842.04,Home
Product 9608,228.43,Sports
Product 9609,936.89,Garden
Product 9610,390.38,Beauty
Product 9611,534.70,Food
Product 9612,530.69,Food
Product 9613,595.79,Toys
Product 9614,581.14,Beauty
Product 9615,343.52,Beauty
Product 9616,237.14,Toys
Product 9617,175.38,Beauty
Product 9618,837.86,Sports
Product 9619,105.28,Home
Product 9620,798.58,Beauty
Product 9621,555.53,Food
Product 9622,672.05,Sports
Product 9623,348.91,Beauty
Product 9624,76.77,Food
Product 9625,923.42,Food
Product 9626,670.39,Clothing
Product 9627,82.19,Food
Product 9628,579.56,Home
Product 9629,615.55,Beauty
Product 9630,684.67,Home
Product 9631,886.28,Sports
Product 9632,705.24,Toys
Product 9633,966.97,Electronics
Product 9634,305.98,Electronics
Product 9635,94.32,Toys
Product 9636,494.38,Books
Product 9637,998.62,Sports
Product 9638,788.17,Beauty
Product 9639,621.81,Garden
Product 9640,282.58,Books
Product 9641,936.23,Home
Product 9642,932.28,Books
Product 9643,444.04,Clothing
Product 9644,497.41,Toys
Product 9645,342.81,Beauty
Product 9646,889.90,Beauty
Product 9647,345.98,Home
Product 9648,260.79,Tools
Product 9649,632.33,Food
Product 9650,581.83,Books
Product 9651,572.69,Clothing
Product 9652,717.08,Clothing
Product 9653,701.77,Sports
Product 9654,896.70,Toys
Product 9655,897.09,Home
Product 9656,663.59,Beauty
Product 9657,864.93,Sports
Product 9658,401.86,Beauty
Product 9659,548.76,Sports
Product 9660,964.68,Home
Product 9661,544.49,Beauty
Product 9662,343.14,Tools
Product 9663,121.27,Tools
Product 9664,117.44,Tools
Product 9665,890.83,Toys
Product 9666,861.25,Books
Product 9667,593.47,Beauty
Product 9668,191.01,Sports
Product 9669,33.20,Electronics
Product 9670,986.65,Sports
Product 9671,953.05,Books
Product 9672,599.88,Tools
Product 9673,242.00,Tools
Product 9674,875.88,Home
Product 9675,779.01,Tools
Product 9676,609.62,Garden
Product 9677,514.62,Tools
Product 9678,206.96,Toys
Product 9679,588.07,Sports
Product 9680,454.20,Beauty
Product 9681,811.24,Books
Product 9682,867.83,Clothing
Product 9683,593.34,Toys
Product 9684,983.67,Tools
Product 9685,298.18,Sports
Product 9686,803.46,Beauty
Product 9687,713.45,Garden
Product 9688,91.12,Sports
Product 9689,8.95,Sports
Product 9690,787.90,Books
Product 9691,838.33,Tools
Product 9692,932.07,Toys
Product 9693,72.27,Electronics
Product 9694,563.62,Garden
Product 9695,75.27,Electronics
Product 9696,363.25,Food
Product 9697,999.67,Sports
Product 9698,513.83,Sports
Product 9699,582.54,Books
Product 9700,192.31,Electronics
Product 9701,497.77,Tools
Product 9702,503.33,Garden
Product 9703,698.26,Home
Product 9704,331.77,Toys
Product 9705,359.07,Food
Product 9706,897.93,Tools
Product 9707,712.97,Beauty
Product 9708,30.23,Beauty
Product 9709,228.01,Beauty
Product 9710,431.38,Books
Product 9711,570.78,Tools
Product 9712,113.67,Sports
Product 9713,269.25,Electronics
Product 9714,571.72,Sports
Product 9715,819.91,Tools
Product 9716,863.07,Beauty
Product 9717,92.17,Beauty
Product 9718,447.56,Clothing
Product 9719,280.91,Clothing
Product 9720,212.88,Tools
Product 9721,338.68,Tools
Product 9722,287.80,Food
Product 9723,444.58,Tools
Product 9724,103.15,Books
Product 9725,175.64,Tools
Product 9726,450.57,Home
Product 9727,248.36,Books
Product 9728,540.73,Electronics
Product 9729,68.83,Toys
Product 9730,155.25,Sports
Product 9731,205.46,Tools
Product 9732,521.41,Beauty
Product 9733,282.59,Electronics
Product 9734,196.49,Home
Product 9735,378.55,Garden
Product 9736,784.07,Electronics
Product 9737,412.53,Garden
Product 9738,880.05,Clothing
Product 9739,986.84,Toys
Product 9740,333.74,Books
Product 9741,287.04,Garden
Product 9742,81.97,Food
Product 9743,237.14,Garden
Product 9744,697.10,Home
Product 9745,289.09,Books
Product 9746,355.26,Tools
Product 9747,399.22,Home
Product 9748,899.14,Electronics
Product 9749,874.67,Sports
Product 9750,33.60,Beauty
Product 9751,647.71,Sports
Product 9752,630.78,Food
Product 9753,280.71,Sports
Product 9754,728.98,Garden
Product 9755,651.61,Electronics
Product 9756,308.03,Clothing
Product 9757,476.89,Books
Product 9758,740.85,Electronics
Product 9759,518.87,Electronics
Product 9760,724.34,Garden
Product 9761,689.05,Clothing
Product 9762,98.50,Tools
Product 9763,695.56,Home
Product 9764,405.64,Garden
Product 9765,460.48,Garden
Product 9766,641.46,Garden
Product 9767,705.79,Garden
Product 9768,416.06,Clothing
Product 9769,218.58,Garden
Product 9770,245.77,Home
Product 9771,192.56,Tools
Product 9772,803.64,Toys
Product 9773,894.90,Books
Product 9774,377.29,Books
Product 9775,649.04,Books
Product 9776,822.45,Beauty
Product 9777,723.19,Toys
Product 9778,998.59,Beauty
Product 9779,531.58,Clothing
Product 9780,747.97,Clothing
Product 9781,76.04,Garden
Product 9782,676.84,Sports
Product 9783,374.86,Electronics
Product 9784,234.82,Tools
Product 9785,630.94,Tools
Product 9786,751.83,Food
Product 9787,197.77,Toys
Product 9788,309.43,Beauty
Product 9789,918.22,Beauty
Product 9790,663.42,Clothing
Product 9791,287.68,Toys
Product 9792,133.42,Beauty
Product 9793,975.59,Electronics
Product 9794,755.23,Electronics
Product 9795,226.45,Home
Product 9796,871.95,Sports
Product 9797,896.42,Toys
Product 9798,483.39,Tools
Product 9799,498.23,Garden
Product 9800,987.39,Beauty
Product 9801,785.10,Sports
Product 9802,403.28,Clothing
Product 9803,992.37,Tools
Product 9804,711.38,Electronics
Product 9805,261.70,Home
Product 9806,38.09,Sports
Product 9807,427.29,Food
Product 9808,872.15,Clothing
Product 9809,851.65,Food
Product 9810,225.10,Food
Product 9811,909.65,Food
Product 9812,985.37,Toys
Product 9813,708.61,Electronics
Product 9814,751.95,Beauty
Product 9815,233.65,Tools
Product 9816,365.45,Beauty
Product 9817,305.74,Toys
Product 9818,298.19,Electronics
Product 9819,468.77,Garden
Product 9820,504.41,Home
Product 9821,709.56,Electronics
Product 9822,301.71,Tools
Product 9823,787.05,Electronics
Product 9824,595.96,Tools
Product 9825,503.88,Food
Product 9826,445.06,Clothing
Product 9827,108.30,Garden
Product 9828,685.70,Clothing
Product 9829,292.11,Tools
Product 9830,600.23,Electronics
Product 9831,282.34,Food
Product 9832,610.28,Toys
Product 9833,766.92,Garden
Product 9834,611.36,Clothing
Product 9835,447.27,Tools
Product 9836,85.30,Books
Product 9837,195.07,Tools
Product 9838,877.84,Electronics
Product 9839,152.92,Home
Product 9840,10.89,Clothing
Product 9841,765.17,Tools
Product 9842,461.16,Electronics
Product 9843,818.14,Beauty
Product 9844,210.07,Electronics
Product 9845,879.96,Clothing
Product 9846,643.87,Tools
Product 9847,532.66,Food
Product 9848,179.54,Toys
Product 9849,71.96,Clothing
Product 9850,984.39,Electronics
Product 9851,630.67,Books
Product 9852,382.66,Beauty
Product 9853,499.83,Home
Product 9854,528.72,Electronics
Product 9855,284.67,Home
Product 9856,615.13,Garden
Product 9857,933.65,Beauty
Product 9858,293.51,Beauty
Product 9859,428.45,Books
Product 9860,538.47,Clothing
Product 9861,492.41,Sports
Product 9862,822.19,Beauty
Product 9863,306.37,Electronics
Product 9864,220.42,Books
Product 9865,270.46,Home
Product 9866,960.34,Beauty
Product 9867,337.40,Food
Product 9868,884.81,Sports
Product 9869,224.79,Sports
Product 9870,921.27,Tools
Product 9871,842.43,Sports
Product 9872,954.43,Garden
Product 9873,649.98,Food
Product 9874,180.78,Home
Product 9875,999.17,Books
Product 9876,818.68,Electronics
Product 9877,18.75,Books
Product 9878,469.52,Beauty
Product 9879,136.99,Tools
Product 9880,332.06,Electronics
Product 9881,739.12,Home
Product 9882,854.58,Beauty
Product 9883,221.73,Home
Product 9884,463.59,Toys
Product 9885,471.05,Sports
Product 9886,67.27,Electronics
Product 9887,444.27,Sports
Product 9888,469.98,Books
Product 9889,372.02,Beauty
Product 9890,54.88,Electronics
Product 9891,604.67,Home
Product 9892,846.35,Food
Product 9893,687.14,Books
Product 9894,522.99,Books
Product 9895,185.14,Electronics
Product 9896,526.82,Clothing
Product 9897,578.29,Books
Product 9898,132.95,Garden
Product 9899,150.52,Clothing
Product 9900,377.68,Books
Product 9901,987.62,Electronics
Product 9902,896.27,Electronics
Product 9903,241.45,Home
Product 9904,61.09,Clothing
Product 9905,354.06,Tools
Product 9906,14.74,Food
Product 9907,158.64,Electronics
Product 9908,725.22,Tools
Product 9909,430.85,Tools
Product 9910,156.55,Beauty
Product 9911,940.95,Sports
Product 9912,549.10,Electronics
Product 9913,744.91,Garden
Product 9914,312.28,Toys
Product 9915,661.36,Clothing
Product 9916,506.78,Sports
Product 9917,328.50,Beauty
Product 9918,125.29,Beauty
Product 9919,452.07,Food
Product 9920,388.03,Toys
Product 9921,718.15,Tools
Product 9922,470.29,Books
Product 9923,88.90,Tools
Product 9924,799.93,Clothing
Product 9925,785.14,Clothing
Product 9926,590.56,Electronics
Product 9927,473.67,Home
Product 9928,399.10,Books
Product 9929,996.12,Sports
Product 9930,608.32,Tools
Product 9931,710.63,Toys
Product 9932,62.12,Garden
Product 9933,457.25,Clothing
Product 9934,323.43,Beauty
Product 9935,713.36,Tools
Product 9936,819.39,Garden
Product 9937,669.30,Garden
Product 9938,360.30,Home
Product 9939,105.65,Home
Product 9940,30.01,Books
Product 9941,567.44,Electronics
Product 9942,562.03,Toys
Product 9943,363.46,Beauty
Product 9944,911.80,Electronics
Product 9945,925.06,Tools
Product 9946,766.99,Food
Product 9947,678.37,Home
Product 9948,992.05,Home
Product 9949,427.86,Toys
Product 9950,119.15,Beauty
Product 9951,86.82,Books
Product 9952,240.25,Clothing
Product 9953,316.20,Clothing
Product 9954,992.96,Electronics
Product 9955,953.99,Sports
Product 9956,792.29,Clothing
Product 9957,951.35,Books
Product 9958,345.41,Books
Product 9959,342.16,Sports
Product 9960,80.03,Tools
Product 9961,203.14,Home
Product 9962,633.20,Books
Product 9963,645.43,Home
Product 9964,588.48,Home
Product 9965,674.80,Home
Product 9966,846.44,Home
Product 9967,874.71,Home
Product 9968,844.06,Beauty
Product 9969,436.93,Electronics
Product 9970,282.49,Toys
Product 9971,364.88,Electronics
Product 9972,85.40,Toys
Product 9973,622.49,Books
Product 9974,320.54,Books
Product 9975,606.44,Food
Product 9976,857.76,Food
Product 9977,161.51,Home
Product 9978,537.35,Beauty
Product 9979,318.15,Food
Product 9980,928.80,Sports
Product 9981,914.90,Beauty
Product 9982,594.58,Food
Product 9983,640.84,Electronics
Product 9984,831.63,Food
Product 9985,40.97,Sports
Product 9986,295.04,Beauty
Product 9987,304.48,Books
Product 9988,637.14,Toys
Product 9989,361.30,Sports
Product 9990,849.84,Sports
Product 9991,945.07,Beauty
Product 9992,900.66,Sports
Product 9993,800.24,Home
Product 9994,497.56,Beauty
Product 9995,246.42,Food
Product 9996,853.27,Sports
Product 9997,376.85,Sports
Product 9998,715.99,Clothing
Product 9999,333.89,Sports
Product 10000,92.13,Garden
